id,value,nok,ffiak,wage_dif,mean_wage_fem,mean_wage_male,noi_honap,ffi_honap,gender_dom,relevant_wagedif_norm,wage_sign,wagegap,wagegap_wlimit,wagegap2,wagegap_controlled,wagegap_controlled_wlimit,tenure_dif,manag_av
0,3834,,,,,,,,,,,,,,,,,
0.14,41,19,22,,50876.738,85876.438,2.7894738,5.9545455,0,,,1,1,1,1,1,1,0
0.15,302,143,159,,99959.57,135122.02,7.090909,14.584906,0,,,1,1,1,1,1,1,0
0.16,11,4,7,,134887,142632.38,14.75,17,1,,,1,1,1,,,1,
0.16.15,8,4,4,58971.289,144495.13,260768.13,21.5,20.5,0,0,1,1,1,1,1,1,0,0
0.17,19,3,16,,267285.16,183446.2,37,21.9375,1,,,0,0,0,0,0,0,
0.17.15,7,1,6,48080.609,540527.69,480293.16,9,15.166667,1,0,1,0,,0,0,,1,1
0.17.24,4,1,3,99901.602,352516,190359.55,6,7.3333335,1,0,1,0,,0,0,,1,
0.21,21,10,11,,219644.48,97072.219,19.6,10.363636,0,,,0,0,0,0,0,0,
0.21.15,9,7,2,202701.28,624040.06,255500,23.142857,3.5,2,1,1,0,0,0,0,0,0,1
0.22,6,2,4,,47721.793,119457.39,8,9.75,1,,,1,1,1,1,1,1,
0.23,10,4,6,,104616.5,136239.42,8.75,9.5,1,,,1,1,1,1,1,1,
0.24,51,14,37,,77787.906,113928.77,9.6428576,15.621622,1,,,1,1,1,1,1,1,
0.24.15,12,2,10,353404.66,80304.5,343898.06,4.5,15.2,1,1,1,1,1,1,1,1,1,1
0.24.16,4,0,4,979832.38,,213589.47,,10,1,1,1,,,,,,,
0.24.17,4,0,4,998838.06,,339311.69,,30.25,1,1,1,,,,,,,
0.24.17.15,4,0,4,128559.84,,585639.63,,24.75,1,0,1,,,,,,,1
0.24.32,4,3,1,49320.32,70519.336,128974,8,3,2,0,1,1,,1,1,,0,
0.24.34,5,2,3,115373.99,131022.25,77265.227,11,12.333333,1,0,1,0,0,0,0,0,1,
0.24.48,8,1,7,84715.484,20935,71598.766,2,10,1,0,1,1,,1,1,,1,
0.26,4,2,2,,105530.09,120489.96,14.5,51.5,0,,,1,1,1,0,0,1,
0.27,7,6,1,,100036.88,66445.93,24.166666,44,2,,,0,,0,0,,1,
0.28,12,8,4,,87712.617,69082.195,13.5,6.75,2,,,0,0,0,0,0,0,
0.28.34,5,3,2,259942.53,80939.617,124129.72,50,28,0,1,1,1,1,1,1,1,0,
0.28.34.15,4,2,2,36776.563,264835.84,202950.58,30,4.5,0,0,1,0,0,0,1,1,0,0
0.29,147,86,61,,91128.367,84471.859,18.325581,14.491803,0,,,0,0,0,1,1,0,
0.29.15,34,19,15,93302.617,213926.91,220493.55,14.157895,15.266666,0,0,1,1,1,0,1,1,1,0
0.29.21,10,4,6,539626.06,211498.28,176146.5,13.25,18,1,1,1,0,0,0,0,0,1,
0.29.21.15,4,2,2,76756.602,462641.47,604212.13,15,12,0,0,1,1,1,1,1,1,0,1
0.29.31,5,3,2,61206.738,73191.328,63834.5,12.333333,1,0,0,1,0,0,0,0,0,0,
0.29.32,11,11,0,56636.109,112529.73,,14,,2,0,1,,,,,,,
0.29.32.29,4,4,0,599042.75,212626.75,,37.5,,2,1,1,,,,,,,
0.29.33,22,15,7,101831.28,109197.76,112980.92,21.933332,14.142858,2,0,1,1,1,0,1,1,0,
0.29.33.15,10,6,4,37179.926,218505.84,152336.09,18.5,29.25,0,0,1,0,0,0,0,0,1,0
0.29.33.34,5,4,1,-47483.805,84949.875,55894,10.25,1,2,0,0,0,,0,0,,0,
0.29.33.34.15,4,3,1,310646.69,129683.48,141755,13,2,2,1,1,1,,1,1,,0,0
0.29.34,28,18,10,228082.39,96468.938,95064.93,15.722222,21.1,2,1,1,0,0,0,0,0,1,
0.29.34.15,14,10,4,74995.336,215181,263697.75,12.7,5,2,0,1,1,1,1,1,1,0,0
0.29.48,11,7,4,148192.05,65923.82,53228.695,11,8.25,2,0,1,0,0,0,0,0,0,
0.29.48.34,6,4,2,399961.44,140716.84,127026.38,28.5,21,2,1,1,0,0,0,0,0,0,
0.29.48.34.15,4,3,1,40465.328,311350.25,177966.25,16,12,2,0,1,0,,0,1,,0,1
0.30,14,4,10,,64027.016,48620.137,19.5,10.2,1,,,0,0,0,0,0,0,
0.31,45,22,23,,69415.281,76483.609,14.318182,12.086957,0,,,1,1,1,1,1,0,
0.31.15,8,3,5,35513.559,233242.48,155635.58,35.666668,31.6,1,0,1,0,0,0,0,0,0,0
0.31.29,5,3,2,497693.66,215252.63,173381.69,27.666666,21,0,1,1,0,0,0,0,0,0,
0.31.34,9,6,3,88171.633,76099.313,136836.33,17.5,22.333334,2,0,1,1,1,1,1,1,1,
0.31.34.15,6,3,3,109281.12,125423.59,193966.94,6.3333335,10.666667,0,0,1,1,1,1,1,1,1,0
0.31.48,8,3,5,129841.97,91454.234,90031.563,12.333333,3.5999999,1,0,1,0,0,0,0,0,0,
0.31.48.15,5,2,3,63779.523,161577.63,120880.64,13,10.333333,1,0,1,0,0,0,1,1,0,0
0.32,144,92,52,,69933.875,80336.781,9.086957,11.538462,2,,,1,1,1,1,1,1,
0.32.15,29,15,14,204348.17,122812.59,192710.44,22.733334,25.428572,0,1,1,1,1,1,1,1,1,0
0.32.21,4,2,2,375820.94,261026.59,98500,25,3,0,1,1,0,0,0,0,0,0,
0.32.26,5,4,1,15542.762,102199.5,30788.889,3.5,9,2,0,1,0,,0,,,1,
0.32.29,15,13,2,509936.09,166499.48,186559.41,21.307692,18.5,2,1,1,1,1,1,0,0,0,
0.32.29.15,8,7,1,227326.41,329783.56,172000,7.2857141,1,2,1,1,0,,0,0,,0,1
0.32.31,12,9,3,473761.78,146801.3,221322.47,19.777779,40,2,1,1,1,1,1,1,1,1,
0.32.33,7,3,4,136375.38,134370.94,122955.5,43,10.25,0,0,1,0,0,0,0,0,0,
0.32.34,29,25,4,274766.34,107978.49,106842.22,20.040001,9,2,1,1,0,0,0,1,1,0,
0.32.34.15,15,15,0,260897.83,276717.53,,16.799999,,2,1,1,,,,,,,1
0.32.34.48,5,3,2,15526.754,54470,123006.56,1.3333334,39,0,0,1,1,1,1,1,1,1,
0.32.35,5,3,2,365535.13,57967.668,184555.2,1.6666666,20.5,0,1,1,1,1,1,1,1,1,
0.32.48,15,9,6,28544.422,69726.68,90680.031,5.2222223,15,0,0,1,1,1,1,1,1,1,
0.32.48.15,6,2,4,248342.09,120098.7,243764.94,3,26.25,1,1,1,1,1,1,1,1,1,0
0.33,140,114,26,,80212.836,77700.625,15.666667,14.346154,2,,,0,0,0,1,1,0,
0.33.15,19,17,2,161974.56,156888.36,200317.8,7.2941175,65,2,1,1,1,1,1,1,1,1,0
0.33.24,4,3,1,371367.09,118101.41,110000,7.3333335,12,2,1,1,0,,0,1,,1,
0.33.29,12,11,1,210002.84,127578.43,32869.5,12.363636,2,2,1,1,0,,0,0,,0,
0.33.29.15,6,6,0,71972.094,206097.69,,13.666667,,2,0,1,,,,,,,0
0.33.31,4,4,0,313921.72,191987.03,,9.5,,2,1,1,,,,,,,
0.33.32,7,7,0,534804.75,104887.55,,5.2857141,,2,1,1,,,,,,,
0.33.34,69,57,12,70033,99670.883,108357.76,12.561403,14.083333,2,0,1,1,1,1,1,1,1,
0.33.34.15,36,33,3,86492,167493.11,265662.81,19.030304,26,2,0,1,1,1,1,1,1,1,0
0.33.34.29,4,3,1,22079.527,133873.48,152021.64,5,11,2,0,1,1,,1,0,,1,
0.33.34.33,12,7,5,72149.125,107883.38,106775.96,10.714286,7.4000001,0,0,1,0,0,0,1,1,0,
0.33.34.33.34,4,2,2,562679.38,136941.34,186985.69,21.5,37.5,0,1,1,1,1,1,1,1,1,
0.33.34.48,6,6,0,54288.949,99952.688,,20.666666,,2,0,1,,,,,,,
0.33.35,4,2,2,187549.47,49738.949,98682,11,12.5,0,1,1,1,1,1,1,1,1,
0.33.48,10,5,5,-18600.678,96547.898,99006.82,6,11,0,0,0,1,1,0,0,0,1,
0.33.48.15,4,2,2,263550.53,159892.88,149407.41,36,5,0,1,1,0,0,0,0,0,0,0
0.33.48.34,4,2,2,167791.22,143919.59,165560.03,59.5,17.5,0,1,1,1,1,1,0,0,0,
0.33.48.34.15,4,2,2,58454.176,234919.66,266254.72,2.5,20.5,0,0,1,1,1,1,0,0,1,0
0.34,1213,734,479,,76924.016,82880.734,23.745232,22.112736,2,,,1,1,1,1,1,0,
0.34.14,10,6,4,122002.79,136565.23,144491.23,13.166667,7.5,0,0,1,1,1,1,1,1,0,0
0.34.15,542,339,203,108550.17,159033,180638.47,14.601769,16.876848,2,0,1,1,1,1,1,1,1,0
0.34.16,27,16,11,18034.338,161357.52,137192.47,18.0625,25.727272,0,0,1,0,0,0,,,1,
0.34.16.15,24,15,9,24946.994,195298.88,186931.88,32.333332,28.222221,2,0,1,0,0,0,0,0,0,0
0.34.17,6,2,4,751228.25,183497.06,226660.75,9.5,21.75,1,1,1,1,1,1,0,0,1,
0.34.17.15,5,1,4,1292415.6,137659.98,413847.66,50,20,1,1,1,1,,1,1,,0,1
0.34.21,9,4,5,800357.25,187546.61,186760,23.75,20.799999,0,1,1,0,0,0,1,1,0,
0.34.21.15,5,2,3,67494.844,449999.5,280438.63,7,11.666667,1,0,1,0,0,0,0,0,1,1
0.34.23,6,5,1,1030939.6,206250.59,301615.22,15.4,64,2,1,1,1,,1,0,,1,
0.34.24,9,4,5,260883.28,107402.45,110158.76,12.75,10.8,0,1,1,1,1,0,0,0,0,
0.34.26,4,3,1,262863.78,105306.96,81715,3.6666667,3,2,1,1,0,,0,0,,0,
0.34.28,4,4,0,576949.44,114850.54,,9.25,,2,1,1,,,,,,,
0.34.29,79,49,30,210191.77,110893.09,123331.98,15.714286,18.333334,2,1,1,1,1,1,0,0,1,
0.34.29.15,35,18,17,76641.859,253027.72,171521.3,16.333334,8.8235292,0,0,1,0,0,0,0,0,0,0
0.34.29.33,4,4,0,22661.389,136843.77,,32,,2,0,1,,,,,,,
0.34.29.33.15,4,4,0,10621.62,164762.25,,49.75,,2,0,1,,,,,,,0
0.34.29.34,18,11,7,114512.59,105981.47,110501.87,12.909091,18.571428,2,0,1,1,1,0,0,0,1,
0.34.29.34.15,9,5,4,159548.63,232050.97,215791.03,12.2,25,0,1,1,0,0,0,0,0,1,0
0.34.29.48,4,2,2,3377.5168,81413.477,112346.27,14,11.5,0,0,1,1,1,1,1,1,0,
0.34.31,27,15,12,292764.78,113309.93,89559.188,15.2,5.75,0,1,1,0,0,0,0,0,0,
0.34.31.15,5,3,2,213365.77,364708.97,239728.17,5,4.5,0,1,1,0,0,0,0,0,0,1
0.34.31.34,6,4,2,-25260.594,85671.711,44292.477,17,8.5,2,0,0,0,0,0,0,0,0,
0.34.32,48,39,9,170668.3,92158.523,104718.34,15.179487,7.3333335,2,1,1,1,1,1,0,0,0,
0.34.32.15,15,10,5,81358.211,193357.94,75432.688,14.5,9,2,0,1,0,0,0,0,0,0,0
0.34.32.29,5,4,1,740973.06,142938.88,359048.06,6.75,19,2,1,1,1,,1,1,,1,
0.34.32.29.15,4,3,1,-306454,163434.53,139238,6.6666665,3,2,0,0,0,,0,0,,0,0
0.34.32.34,13,12,1,117435.57,95764.406,200312.28,26.25,14,2,0,1,1,,1,1,,0,
0.34.32.34.15,8,8,0,72345.008,176244.14,,8.875,,2,0,1,,,,,,,0
0.34.33,104,79,25,123778.7,102119.69,97269.609,14.56962,10,2,0,1,0,0,0,0,0,0,
0.34.33.15,33,21,12,77108.039,192067.98,149998.64,11.952381,19.75,2,0,1,0,0,0,0,0,1,0
0.34.33.29,5,3,2,-18371.283,86156.555,128684.75,7.3333335,3,0,0,0,1,1,1,1,1,0,
0.34.33.34,50,41,9,58670.465,107252.81,98266.047,31.512196,12.333333,2,0,1,0,0,0,0,0,0,
0.34.33.34.15,29,25,4,17835.354,197175.02,122661.76,15.36,12.25,2,0,1,0,0,0,1,1,0,0
0.34.33.34.33,7,5,2,169053.56,104580.08,105511.19,13,8,2,1,1,1,1,0,1,1,0,
0.34.33.34.48,8,5,3,20147.816,94604.781,109386.89,9.6000004,5.6666665,2,0,1,1,1,1,1,1,0,
0.34.33.34.48.34,4,2,2,-7719.7754,103127.38,113482.88,31,25.5,0,0,0,1,1,1,1,1,0,
0.34.33.48,6,5,1,-6577.6045,98595.211,83870,7,1,2,0,0,0,,0,0,,0,
0.34.35,28,17,11,108196.83,81229.852,77001.5,11.823529,9,2,0,1,0,0,0,1,1,0,
0.34.35.15,7,4,3,293951.69,137584.16,132085,9.25,4.3333335,0,1,1,0,0,0,1,1,0,0
0.34.35.34,9,7,2,267671.91,118407.98,75211,23,3,2,1,1,0,0,0,0,0,0,
0.34.35.34.15,6,6,0,126127.55,200333.77,,8.833333,,2,0,1,,,,,,,0
0.34.35.48,4,1,3,213675.31,26458.334,102804,9,7.3333335,1,1,1,1,,1,1,,0,
0.34.38,6,1,5,-35976.984,49361.848,73858.648,13,12.8,1,0,0,1,,1,1,,0,
0.34.40,8,3,5,246497.63,102092.5,95508.672,25,10.4,1,1,1,0,0,0,0,0,0,
0.34.40.48,4,2,2,-151869.17,68754.359,25666.5,12,2,0,0,0,0,0,0,0,0,0,
0.34.44,12,3,9,290048.28,156073.81,115247.81,20.333334,10.666667,1,1,1,0,0,0,0,0,0,
0.34.44.34,4,1,3,-60447.277,115080.38,63658.859,80,10.333333,1,0,0,0,,0,0,,0,
0.34.45,21,13,8,226361.69,100993.05,91531.164,12.846154,7.375,2,1,1,0,0,0,1,1,0,
0.34.45.34,10,7,3,153823.16,101576.64,49298.418,16.571428,2.6666667,2,0,1,0,0,0,0,0,0,
0.34.45.48,7,3,4,247028.13,111103.27,157433.97,13.666667,16.25,0,1,1,1,1,1,1,1,1,
0.34.47,7,1,6,184152.61,61732,121484.38,1,12.833333,1,1,1,1,,1,1,,1,
0.34.48,215,110,105,86226.82,83921.797,100306.88,10.554545,15.304762,0,0,1,1,1,1,1,1,1,
0.34.48.15,79,37,42,82685.359,161959.61,176291.31,13,11.238095,0,0,1,1,1,1,1,1,0,0
0.34.48.29,10,5,5,24709.754,114127.1,143377.47,31.6,19,0,0,1,1,1,1,1,1,0,
0.34.48.29.15,7,4,3,18702.645,177529.25,137314.03,24.75,17.666666,0,0,1,0,0,0,0,0,0,0
0.34.48.32,5,3,2,344602.81,169912.41,214891.94,20.666666,27,0,1,1,1,1,1,1,1,1,
0.34.48.33,10,8,2,210324.3,101277.18,90568.844,5,11.5,2,1,1,0,0,0,0,0,1,
0.34.48.33.34,4,3,1,226458.25,103246.89,94980,6.6666665,8,2,1,1,0,,0,0,,1,
0.34.48.34,79,49,30,174831.41,104139.79,106018.19,20.387754,19.433332,2,1,1,1,1,0,1,1,0,
0.34.48.34.15,49,32,17,59177.453,190768.89,186059.33,14.40625,17.411764,2,0,1,0,0,0,1,1,1,0
0.34.48.34.29,4,2,2,118771.03,115489.95,51567.898,31.5,7,0,0,1,0,0,0,0,0,0,
0.34.48.34.48,17,10,7,145710.95,92756.336,92725.219,18,8.5714283,0,0,1,0,0,0,0,0,0,
0.34.48.34.48.15,7,6,1,44164.332,155590.95,137639,10.166667,2,2,0,1,0,,0,0,,0,0
0.34.48.34.48.34,5,3,2,164174.88,93923.586,133564.61,18,45.5,0,1,1,1,1,1,1,1,1,
0.34.48.47,6,0,6,-4721.9316,,107924.05,,6.3333335,1,0,0,,,,,,,
0.34.48.50,5,1,4,-34427.777,148396.7,74275.906,10,25,1,0,0,0,,0,,,1,
0.34.48.50.15,4,1,3,-12039.351,65166.5,135990.61,2,21.666666,1,0,0,1,,1,1,,1,0
0.34.50,22,15,7,107701.27,74951.18,65861.859,8.7333336,3.1428571,2,0,1,0,0,0,,,0,
0.34.50.15,6,6,0,5140.1475,99441.102,,14.166667,,2,0,1,,,,,,,0
0.34.50.34,10,6,4,224383.14,97852.438,98855.234,10.666667,17.25,0,1,1,1,1,0,0,0,1,
0.34.50.34.15,8,4,4,93456.258,115810.31,221757.36,9.5,11.5,0,0,1,1,1,1,1,1,1,0
0.35,107,48,59,,60034.684,69934.727,6.6875,9.6779661,0,,,1,1,1,1,1,1,
0.35.15,20,8,12,658774.63,111257.22,215312.66,10.25,14.333333,1,1,1,1,1,1,1,1,1,0
0.35.29,8,4,4,473448.13,227561.91,139075.48,43,5.75,0,1,1,0,0,0,0,0,0,
0.35.32,5,3,2,190015.75,79101.75,179594.78,8.333333,13,0,1,1,1,1,1,1,1,1,
0.35.33,7,4,3,424204.91,102870.03,73954.164,16.25,14.666667,0,1,1,0,0,0,0,0,0,
0.35.34,22,14,8,239454.77,85107.523,99651.25,17.785715,16.625,2,1,1,1,1,1,1,1,0,
0.35.34.15,10,7,3,28504.533,185355.45,199040.28,12.714286,20.666666,2,0,1,1,1,1,1,1,1,0
0.35.48,15,5,10,174493.47,55910.195,87352.859,11.8,9.8999996,1,1,1,1,1,1,1,1,0,
0.35.48.15,5,1,4,7729.3975,168427.7,128054.68,10,8.25,1,0,1,0,,0,1,,0,0
0.36,57,16,41,,65221.93,72658.172,3.125,10.634147,1,,,1,1,1,1,1,1,
0.36.15,13,2,11,267406.69,76564.617,159176.53,22,23.636364,1,1,1,1,1,1,0,0,1,0
0.36.34,9,4,5,436940.38,88398.094,101981.55,32.5,17.200001,0,1,1,1,1,1,1,1,0,
0.36.34.15,5,1,4,169967.36,131641.48,162189.53,23,7.75,1,1,1,1,,1,1,,0,0
0.36.48,8,1,7,248606.11,143778.09,81735.625,11,22.285715,1,1,1,0,,0,0,,1,
0.37,8,3,5,,37304,45843.527,1,12.6,1,,,1,1,1,1,1,1,
0.38,77,23,54,,70879.563,88134.031,10.304348,24.722221,1,,,1,1,1,1,1,1,
0.38.15,18,4,14,90219.641,123832.16,183799.77,7.75,18,1,0,1,1,1,1,1,1,1,0
0.38.34,16,5,11,350139.5,127227.2,115333.5,40.599998,17.363636,1,1,1,0,0,0,0,0,0,
0.38.34.15,9,5,4,347663.97,186829.38,218454,29.200001,22.25,0,1,1,1,1,1,1,1,0,0
0.38.35,4,0,4,139474.95,,86851.531,,21,1,0,1,,,,,,,
0.38.44,4,1,3,138093.42,25894,137666.84,2,27,1,0,1,1,,1,1,,1,
0.38.48,14,4,10,165744,90174.297,72631.188,6.5,8.8000002,1,1,1,0,0,0,0,0,1,
0.38.48.34,4,3,1,-27800.031,104606,70662,34.333332,2,2,0,0,0,,0,0,,0,
0.38.48.38,5,0,5,178068.92,,108175.65,,10.2,1,1,1,,,,,,,
0.39,39,10,29,,67956.531,65101.172,13.8,16,1,,,0,0,0,1,1,1,
0.39.15,9,1,8,431611.94,93545.445,169732.13,9,8.5,1,1,1,1,,1,1,,0,0
0.39.34,8,4,4,99906.141,128765.91,105283.66,19.75,62.5,0,0,1,0,0,0,0,0,1,
0.39.34.15,7,3,4,72972.609,206504.08,210884.67,3.3333333,7.75,0,0,1,1,1,0,1,1,1,0
0.39.48,5,2,3,406462.34,114401.91,148089.31,4.5,32.666668,1,1,1,1,1,1,1,1,1,
0.40,120,22,98,,59175.191,98276.523,3.2727273,15.377551,1,,,1,1,1,1,1,1,
0.40.15,22,1,21,62785.469,47776,217625.25,1,15.095238,1,0,1,1,,1,0,,1,0
0.40.17,6,0,6,908829.31,,169150.81,,21.666666,1,1,1,,,,,,,
0.40.24,8,1,7,608286.06,66434,256467.83,2,28.857143,1,1,1,1,,1,1,,1,
0.40.29,8,3,5,654892.56,163640.2,192428.19,25.333334,21.799999,1,1,1,1,1,1,1,1,0,
0.40.34,22,11,11,345665.13,109388.71,101406.14,22.363636,25.09091,0,1,1,0,0,0,1,1,1,
0.40.34.15,9,4,5,23502.824,293632.5,162715.14,18.25,28.799999,0,0,1,0,0,0,0,0,1,0
0.40.34.48,4,1,3,123756.93,50750,86746.5,8,1.6666666,1,0,1,1,,1,1,,0,
0.40.42,4,0,4,-113261.74,,116512.11,,5.75,1,0,0,,,,,,,
0.40.44,7,1,6,203854.41,123498,101680.48,4,15.166667,1,1,1,0,,0,0,,1,
0.40.45,7,1,6,264812.5,131667,126674.06,4,19.5,1,1,1,0,,0,0,,1,
0.40.47,5,0,5,625608.81,,104374.38,,34.200001,1,1,1,,,,,,,
0.40.48,19,1,18,43219.855,66408,83837.5,3,16.222221,1,0,1,1,,1,1,,1,
0.40.48.15,5,0,5,39549.422,,154802.23,,33.799999,1,0,1,,,,,,,0
0.40.48.34,4,1,3,157252.3,146825.75,105546.74,33,10.666667,1,0,1,0,,0,0,,0,
0.40.48.34.15,4,1,3,161301.17,324598.84,124250.66,45,1,1,1,1,0,,0,0,,0,0
0.41,4,1,3,,48570,46417.332,1,1.6666666,1,,,0,,0,0,,1,
0.42,72,0,72,,,68363.414,,13.208333,1,,,,,,,,,
0.42.15,14,0,14,44504.137,,127827.07,,15.785714,1,0,1,,,,,,,0
0.42.24,6,0,6,398628.38,,137543.3,,29,1,1,1,,,,,,,
0.42.24.15,4,0,4,15620.729,,156212.16,,18.25,1,0,1,,,,,,,0
0.42.34,6,0,6,7547.2793,,89806.484,,16.166666,1,0,1,,,,,,,
0.42.40,4,0,4,353201.81,,103384.92,,20,1,1,1,,,,,,,
0.42.44,6,0,6,95471.117,,116134.66,,20,1,0,1,,,,,,,
0.42.48,19,0,19,96146.203,,79486.945,,10.052631,1,0,1,,,,,,,
0.42.48.15,4,0,4,75376.195,,133614.66,,29,1,0,1,,,,,,,0
0.42.48.42,6,0,6,151116.56,,101329.54,,12,1,0,1,,,,,,,
0.42.50,4,0,4,149117.16,,50304.957,,8,1,0,1,,,,,,,
0.43,8,0,8,,,94124.148,,10.125,1,,,,,,,,,
0.44,115,36,80,,75370.789,93613.688,7.8888888,9.0249996,1,,,1,1,1,1,1,1,
0.44.15,15,1,14,397510.38,121031.78,222487.75,9,7.3571429,1,1,1,1,,1,1,,0,0
0.44.31,4,2,2,514047.06,108327.03,116811.98,30.5,26.5,0,1,1,1,1,1,1,1,0,
0.44.33,5,4,1,49849.758,101723.48,68942.664,16,6,2,0,1,0,,0,0,,0,
0.44.34,19,7,12,145914.66,84081.266,84565.734,30.857143,20.916666,1,0,1,1,1,0,1,1,0,
0.44.34.15,9,3,6,33002.262,143951.53,174449.69,29,25,1,0,1,1,1,1,0,0,0,0
0.44.35,8,3,5,-43800.199,52686.977,76937.203,6.3333335,8.6000004,1,0,0,1,1,1,1,1,1,
0.44.40,7,2,6,191700.77,89079.5,115563.34,1.5,10,1,1,1,1,1,1,1,1,1,
0.44.45,13,6,7,110384.04,97106.891,98851.891,20,13.428572,0,0,1,1,1,0,0,0,0,
0.44.48,23,7,16,104027.7,70138.078,99304.867,5.4285712,14.3125,1,0,1,1,1,1,1,1,1,
0.44.48.15,9,3,6,37763.898,117909.48,129509.33,11.333333,36.833332,1,0,1,1,1,1,0,0,1,0
0.44.48.34,4,1,3,104993.3,97736.336,139754.7,3,5.6666665,1,0,1,1,,1,1,,1,
0.44.48.44,4,1,3,-24406.355,30688,156788.31,1,12,1,0,0,1,,1,1,,1,
0.45,97,42,55,,84626.023,97016.914,12.666667,11.381818,0,,,1,1,1,1,1,0,
0.45.15,16,8,8,153601.58,171068.94,181801.34,18,10.875,0,0,1,1,1,1,1,1,0,0
0.45.33,4,4,0,13379.357,78184.43,,4.75,,2,0,1,,,,,,,
0.45.34,19,11,8,144081.73,94468.313,119162.06,31.272728,24.875,0,0,1,1,1,1,1,1,0,
0.45.34.15,11,6,5,154655.06,170494.95,208562.19,16.333334,20,0,0,1,1,1,1,1,1,1,0
0.45.40,6,2,4,237376.16,99606.219,163120.61,24,46.75,1,1,1,1,1,1,1,1,1,
0.45.44,9,4,5,121014.34,125157.88,102675.16,25,4.8000002,0,0,1,0,0,0,0,0,0,
0.45.44.45,4,2,2,125410.8,121831.25,135047.91,4.5,11,0,0,1,1,1,1,1,1,1,
0.45.48,30,10,20,25573.594,74250.742,84414.555,8.8000002,10.7,1,0,1,1,1,1,1,1,1,
0.45.48.15,7,2,5,289897.81,114261.5,170074.03,4,12,1,1,1,1,1,1,1,1,1,0
0.45.48.34,5,2,3,175727.02,87806.25,102209,5.5,25,1,1,1,1,1,1,1,1,1,
0.45.48.44,4,2,2,157616.86,84682.75,76595.102,6.5,8,0,0,1,0,0,0,0,0,1,
0.46,20,7,13,,63727.012,96103.578,6,12.384615,1,,,1,1,1,1,1,1,
0.46.15,4,2,2,291957.25,70811.414,254204.17,2.5,2,0,1,1,1,1,1,1,1,0,0
0.46.48,6,1,5,6511.8047,75757,71470.203,1,3.2,1,0,1,0,,0,0,,1,
0.47,29,1,28,,84261,87355.852,1,16.821428,1,,,1,,0,1,,1,
0.47.15,7,0,7,37399.445,,213044.19,,26.571428,1,0,1,,,,,,,0
0.47.34,4,1,3,137838.02,126308.11,87699.781,18,10,1,0,1,0,,0,0,,0,
0.47.48,7,0,7,129808.17,,93473.906,,10.571428,1,0,1,,,,,,,
0.48,842,292,550,,64375.98,70588.648,6.6883564,10.129091,1,,,1,1,1,1,1,1,
0.48.14,30,10,20,211769.38,85746.734,72297.211,4.8000002,3.6500001,1,1,1,0,0,0,1,1,0,0
0.48.15,207,65,142,253440.03,143154.48,153299.31,12.8,14.704226,1,1,1,1,1,1,1,1,1,0
0.48.16,6,1,5,750644.94,103283,153626.64,6,9.3999996,1,1,1,1,,1,,,1,
0.48.17,10,0,10,1198841.5,,223341.8,,17.299999,1,1,1,,,,,,,
0.48.17.15,4,0,4,962561,,429350.41,,21.5,1,1,1,,,,,,,1
0.48.17.24,4,0,4,-1894.853,,201810.83,,12,1,0,0,,,,,,,
0.48.21,5,1,4,416618.5,241202.11,86559.727,19,16.75,1,1,1,0,,0,,,0,
0.48.24,25,3,22,426708.59,126519.82,119722.2,18.333334,15.363636,1,1,1,0,0,0,0,0,0,
0.48.24.15,7,1,6,253923.59,433082.41,344757.13,5,18.5,1,1,1,0,,0,0,,1,1
0.48.24.48,5,0,5,74525.422,,103331.47,,2.4000001,1,0,1,,,,,,,
0.48.24.48.15,4,0,4,45426.094,,134958.59,,12.25,1,0,1,,,,,,,0
0.48.26,4,0,4,644633.88,,129038.28,,29.75,1,1,1,,,,,,,
0.48.29,49,16,33,365404.22,125401.23,129301.8,17.6875,23.454546,1,1,1,1,1,0,0,0,1,
0.48.29.15,26,9,17,93798.25,210499.31,206479.5,21.888889,22.941177,1,0,1,0,0,0,0,0,1,0
0.48.29.32,4,2,2,-36581.777,148503.25,97709.172,10,2,0,0,0,0,0,0,0,0,0,
0.48.29.48,5,1,4,132352.53,76421.5,90499.664,4,5,1,0,1,1,,1,,,1,
0.48.31,11,3,8,546116.5,88527.711,130385.41,9,17,1,1,1,1,1,1,1,1,1,
0.48.32,25,8,17,461481.13,88739.773,130756.88,5.75,11.764706,1,1,1,1,1,1,1,1,1,
0.48.32.15,8,3,5,212131.59,295892.25,294972.16,5,21.200001,1,1,1,0,0,0,1,1,1,1
0.48.33,38,23,15,192624.98,113086.43,82430.602,20.565218,10.6,2,1,1,0,0,0,0,0,0,
0.48.33.15,13,10,3,58405.789,226478.02,344747.97,23,36,2,0,1,1,1,1,1,1,1,0
0.48.33.29,5,3,2,328929.59,155187.28,97504.766,9,8,0,1,1,0,0,0,0,0,0,
0.48.33.34,11,8,3,52088.457,117921.61,126281.95,25.625,39.333332,2,0,1,1,1,1,1,1,1,
0.48.33.34.15,8,5,3,29660.053,198684.56,183594,8.1999998,5.6666665,2,0,1,0,0,0,0,0,0,0
0.48.33.48,4,2,2,948235.5,139341.28,135280.34,14,7,0,1,1,0,0,0,1,1,0,
0.48.34,233,126,107,242628.73,93606.313,101138.05,20.261906,17.495327,0,1,1,1,1,1,1,1,0,
0.48.34.15,116,62,54,87784.68,185307.92,200673.89,13.16129,16.611111,0,0,1,1,1,1,1,1,1,0
0.48.34.29,13,8,5,160050.64,104898.72,104966.41,14.25,19.6,2,1,1,1,1,0,0,0,1,
0.48.34.29.15,4,3,1,38608.02,182072.86,170345.92,26.666666,42,2,0,1,0,,0,1,,1,0
0.48.34.32,4,3,1,250142.86,65957.156,51252.727,22.333334,22,2,1,1,0,,0,1,,0,
0.48.34.33,14,9,5,108595.77,91125.641,123610.88,15.111111,5.1999998,2,0,1,1,1,1,1,1,0,
0.48.34.33.15,5,2,3,118159.21,142868.83,281934.22,30,15.333333,1,0,1,1,1,1,1,1,0,0
0.48.34.33.34,6,5,1,29223.063,100454.3,108986,23.799999,6,2,0,1,1,,1,1,,0,
0.48.34.33.34.15,5,5,0,51987.988,175685.64,,14.4,,2,0,1,,,,,,,0
0.48.34.40,4,1,3,14305.304,81174,69936.008,6,14,1,0,1,0,,0,0,,1,
0.48.34.48,47,28,19,45540.273,76503.281,83306.789,8.9642859,13.421053,0,0,1,1,1,1,1,1,1,
0.48.34.48.15,14,9,5,238607.94,204534.89,158733.8,17.888889,26.6,2,1,1,0,0,0,0,0,1,0
0.48.34.48.34,24,15,9,188747.11,110973,110108.95,13.533334,10.666667,2,1,1,0,0,0,1,1,0,
0.48.34.48.34.15,13,9,4,49031.941,192526.52,138178.5,12.555555,6.75,2,0,1,0,0,0,1,1,0,0
0.48.34.48.34.48,8,3,5,-49616.695,85885.703,65072.012,7.6666665,6.1999998,1,0,0,0,0,0,0,0,0,
0.48.34.48.34.48.34,5,2,3,-28923.27,73847.063,113979.09,13,15.333333,1,0,0,1,1,1,1,1,1,
0.48.34.50,7,3,4,-78563.023,61958.418,86894.5,5.6666665,6,0,0,0,1,1,1,,,1,
0.48.34.50.34,5,3,2,192529.69,103141.9,49636.832,21.333334,3,0,1,1,0,0,0,1,1,0,
0.48.35,23,4,19,200009.34,62072.973,104596.92,9.5,15.578947,1,1,1,1,1,1,1,1,1,
0.48.35.15,8,0,8,16297.216,,104416.01,,10.25,1,0,1,,,,,,,0
0.48.35.48,5,1,4,-37244.223,13005.667,78876,9,15,1,0,0,1,,1,1,,1,
0.48.36,10,1,9,355056.59,68957,145665.63,2,7.3333335,1,1,1,1,,1,1,,1,
0.48.38,6,3,3,264953,88479.5,107350.75,2.3333333,14,0,1,1,1,1,1,1,1,1,
0.48.39,12,4,8,109341.3,48088.973,83069.359,7.5,11.125,1,0,1,1,1,1,1,1,1,
0.48.39.48,6,2,4,34014.906,73574.219,80349.609,5,12.25,1,0,1,1,1,1,0,0,1,
0.48.40,21,2,19,334188.31,81527.875,108591.95,17,20.736841,1,1,1,1,1,1,1,1,1,
0.48.40.24,4,0,4,183609.69,,246634.03,,6.25,1,1,1,,,,,,,
0.48.40.48,5,0,5,44571.906,,73498.453,,6.5999999,1,0,1,,,,,,,
0.48.42,13,0,13,214706.48,,88352.852,,13.153846,1,1,1,,,,,,,
0.48.42.48,4,0,4,-120057.96,,61865.031,,14.25,1,0,0,,,,,,,
0.48.43,6,0,6,88093.781,,97022.773,,9.333333,1,0,1,,,,,,,
0.48.44,24,5,19,311830.22,80174.461,105410.45,2,13.157895,1,1,1,1,1,1,1,1,1,
0.48.44.15,6,1,5,27188.445,95163,135903.02,1,3.5999999,1,0,1,1,,1,0,,1,0
0.48.44.48,7,2,5,42575.488,75421.625,89192.383,2.5,9,1,0,1,1,1,1,1,1,1,
0.48.45,28,10,18,244363.41,96113.93,121075.09,17.5,8.7222223,1,1,1,1,1,1,1,1,0,
0.48.45.15,6,1,5,691849.63,344863.44,251174.59,7,10.4,1,1,1,0,,0,0,,1,1
0.48.45.34,7,5,2,30513.641,109039.92,140118.22,18.4,5.5,2,0,1,1,1,1,1,1,0,
0.48.45.34.48,4,2,2,-82088.992,131545.63,109898.66,19,21,0,0,0,0,0,0,0,0,1,
0.48.45.44,4,1,3,43190.145,72401,170829.05,1,14.666667,1,0,1,1,,1,1,,1,
0.48.45.48,5,0,5,-184414.84,,39551.594,,9.3999996,1,0,0,,,,,,,
0.48.46,7,1,6,209266.23,98575.406,123050.14,22,14.5,1,1,1,1,,1,1,,0,
0.48.47,21,1,20,56454.605,69977,124939.77,1,19.299999,1,0,1,1,,1,1,,1,
0.48.47.15,6,0,6,68536.164,,217070.66,,16.5,1,0,1,,,,,,,0
0.48.47.34,4,0,4,28285.893,,170092.89,,27,1,0,1,,,,,,,
0.48.47.48,6,0,6,-17133.781,,102379.69,,15.666667,1,0,0,,,,,,,
0.48.50,12,0,12,29624.945,,88120.031,,12.166667,1,0,1,,,,,,,
0.48.50.15,5,0,5,75490.523,,207762.22,,7.5999999,1,0,1,,,,,,,0
0.50,45,16,29,,72865.344,84287.109,11.125,16.586206,1,,,1,1,1,,,1,
0.50.15,10,2,8,17083.336,82550.25,186027.86,3.5,53.125,1,0,1,1,1,1,1,1,1,0
0.50.33,4,4,0,130928.5,96749.75,,11.5,,2,0,1,,,,,,,
0.50.34,6,5,1,48146.574,102586.39,168714.86,9.8000002,7,2,0,1,1,,1,1,,0,
0.50.35,5,2,3,52040.453,66591.969,91900.719,8,14.666667,1,0,1,1,1,1,1,1,1,
13,8,,,,,,,,,,,,,,,,,
14,121,,,,,,,,,,,,,,,,,
15,3713,,,,,,,,,,,,,,,,,
16,134,,,,,,,,,,,,,,,,,
16.15,99,,,,,,,,,,,,,,,,,
16.21,4,,,,,,,,,,,,,,,,,
16.24,4,,,,,,,,,,,,,,,,,
16.34,14,,,,,,,,,,,,,,,,,
16.34.15,11,,,,,,,,,,,,,,,,,
17,122,,,,,,,,,,,,,,,,,
17.15,75,,,,,,,,,,,,,,,,,
17.21,5,,,,,,,,,,,,,,,,,
17.24,22,,,,,,,,,,,,,,,,,
17.24.15,11,,,,,,,,,,,,,,,,,
17.24.17,6,,,,,,,,,,,,,,,,,
17.24.17.15,6,,,,,,,,,,,,,,,,,
17.29,8,,,,,,,,,,,,,,,,,
17.31,4,,,,,,,,,,,,,,,,,
18,7,,,,,,,,,,,,,,,,,
18.15,5,,,,,,,,,,,,,,,,,
19,9,,,,,,,,,,,,,,,,,
19.15,5,,,,,,,,,,,,,,,,,
20,20,,,,,,,,,,,,,,,,,
20.15,9,,,,,,,,,,,,,,,,,
21,141,,,,,,,,,,,,,,,,,
21.15,74,,,,,,,,,,,,,,,,,
21.23,4,,,,,,,,,,,,,,,,,
21.24,4,,,,,,,,,,,,,,,,,
21.29,34,,,,,,,,,,,,,,,,,
21.29.15,17,,,,,,,,,,,,,,,,,
21.29.21,7,,,,,,,,,,,,,,,,,
21.29.21.15,5,,,,,,,,,,,,,,,,,
21.31,5,,,,,,,,,,,,,,,,,
21.32,4,,,,,,,,,,,,,,,,,
21.34,10,,,,,,,,,,,,,,,,,
21.48,4,,,,,,,,,,,,,,,,,
21.50,4,,,,,,,,,,,,,,,,,
22,23,,,,,,,,,,,,,,,,,
22.15,11,,,,,,,,,,,,,,,,,
22.34,4,,,,,,,,,,,,,,,,,
23,61,,,,,,,,,,,,,,,,,
23.15,28,,,,,,,,,,,,,,,,,
23.17,4,,,,,,,,,,,,,,,,,
23.29,6,,,,,,,,,,,,,,,,,
23.29.15,4,,,,,,,,,,,,,,,,,
23.31,4,,,,,,,,,,,,,,,,,
24,246,,,,,,,,,,,,,,,,,
24.15,110,,,,,,,,,,,,,,,,,
24.16,14,,,,,,,,,,,,,,,,,
24.16.15,8,,,,,,,,,,,,,,,,,
24.17,30,,,,,,,,,,,,,,,,,
24.17.15,25,,,,,,,,,,,,,,,,,
24.29,11,,,,,,,,,,,,,,,,,
24.29.15,5,,,,,,,,,,,,,,,,,
24.29.24,4,,,,,,,,,,,,,,,,,
24.31,8,,,,,,,,,,,,,,,,,
24.32,11,,,,,,,,,,,,,,,,,
24.32.15,5,,,,,,,,,,,,,,,,,
24.33,7,,,,,,,,,,,,,,,,,
24.34,16,,,,,,,,,,,,,,,,,
24.34.15,10,,,,,,,,,,,,,,,,,
24.35,6,,,,,,,,,,,,,,,,,
24.40,7,,,,,,,,,,,,,,,,,
24.40.15,4,,,,,,,,,,,,,,,,,
24.42,4,,,,,,,,,,,,,,,,,
24.44,6,,,,,,,,,,,,,,,,,
24.45,4,,,,,,,,,,,,,,,,,
24.48,20,,,,,,,,,,,,,,,,,
24.48.15,10,,,,,,,,,,,,,,,,,
24.50,4,,,,,,,,,,,,,,,,,
26,30,,,,,,,,,,,,,,,,,
26.15,8,,,,,,,,,,,,,,,,,
26.29,6,,,,,,,,,,,,,,,,,
26.32,4,,,,,,,,,,,,,,,,,
27,17,,,,,,,,,,,,,,,,,
27.15,4,,,,,,,,,,,,,,,,,
27.31,4,,,,,,,,,,,,,,,,,
28,28,,,,,,,,,,,,,,,,,
28.15,7,,,,,,,,,,,,,,,,,
28.34,8,,,,,,,,,,,,,,,,,
28.34.15,4,,,,,,,,,,,,,,,,,
29,624,,,,,,,,,,,,,,,,,
29.15,309,,,,,,,,,,,,,,,,,
29.16,5,,,,,,,,,,,,,,,,,
29.17,9,,,,,,,,,,,,,,,,,
29.17.15,7,,,,,,,,,,,,,,,,,
29.21,38,,,,,,,,,,,,,,,,,
29.21.15,21,,,,,,,,,,,,,,,,,
29.21.29,12,,,,,,,,,,,,,,,,,
29.21.29.15,7,,,,,,,,,,,,,,,,,
29.23,10,,,,,,,,,,,,,,,,,
29.23.15,5,,,,,,,,,,,,,,,,,
29.24,16,,,,,,,,,,,,,,,,,
29.24.15,10,,,,,,,,,,,,,,,,,
29.31,20,,,,,,,,,,,,,,,,,
29.31.15,7,,,,,,,,,,,,,,,,,
29.32,46,,,,,,,,,,,,,,,,,
29.32.15,12,,,,,,,,,,,,,,,,,
29.32.21,4,,,,,,,,,,,,,,,,,
29.32.29,14,,,,,,,,,,,,,,,,,
29.32.29.15,7,,,,,,,,,,,,,,,,,
29.32.31,5,,,,,,,,,,,,,,,,,
29.32.34,6,,,,,,,,,,,,,,,,,
29.32.34.15,4,,,,,,,,,,,,,,,,,
29.33,62,,,,,,,,,,,,,,,,,
29.33.15,33,,,,,,,,,,,,,,,,,
29.33.29,11,,,,,,,,,,,,,,,,,
29.33.34,10,,,,,,,,,,,,,,,,,
29.33.34.15,7,,,,,,,,,,,,,,,,,
29.34,96,,,,,,,,,,,,,,,,,
29.34.15,55,,,,,,,,,,,,,,,,,
29.34.29,11,,,,,,,,,,,,,,,,,
29.34.29.15,5,,,,,,,,,,,,,,,,,
29.34.32,6,,,,,,,,,,,,,,,,,
29.34.32.15,4,,,,,,,,,,,,,,,,,
29.34.33,7,,,,,,,,,,,,,,,,,
29.34.33.15,5,,,,,,,,,,,,,,,,,
29.34.48,6,,,,,,,,,,,,,,,,,
29.35,7,,,,,,,,,,,,,,,,,
29.45,5,,,,,,,,,,,,,,,,,
29.47,7,,,,,,,,,,,,,,,,,
29.48,37,,,,,,,,,,,,,,,,,
29.48.15,8,,,,,,,,,,,,,,,,,
29.48.29,7,,,,,,,,,,,,,,,,,
29.48.29.15,4,,,,,,,,,,,,,,,,,
29.48.34,16,,,,,,,,,,,,,,,,,
29.48.34.15,8,,,,,,,,,,,,,,,,,
29.48.34.48,4,,,,,,,,,,,,,,,,,
29.50,12,,,,,,,,,,,,,,,,,
29.50.15,5,,,,,,,,,,,,,,,,,
30,32,,,,,,,,,,,,,,,,,
30.15,9,,,,,,,,,,,,,,,,,
30.29,5,,,,,,,,,,,,,,,,,
30.29.15,5,,,,,,,,,,,,,,,,,
30.34,5,,,,,,,,,,,,,,,,,
30.48,4,,,,,,,,,,,,,,,,,
30.50,5,,,,,,,,,,,,,,,,,
31,213,,,,,,,,,,,,,,,,,
31.14,6,,,,,,,,,,,,,,,,,
31.15,63,,,,,,,,,,,,,,,,,
31.17,5,,,,,,,,,,,,,,,,,
31.17.15,4,,,,,,,,,,,,,,,,,
31.21,10,,,,,,,,,,,,,,,,,
31.21.15,6,,,,,,,,,,,,,,,,,
31.23,9,,,,,,,,,,,,,,,,,
31.23.15,4,,,,,,,,,,,,,,,,,
31.24,9,,,,,,,,,,,,,,,,,
31.29,29,,,,,,,,,,,,,,,,,
31.29.15,15,,,,,,,,,,,,,,,,,
31.29.21,5,,,,,,,,,,,,,,,,,
31.32,15,,,,,,,,,,,,,,,,,
31.32.15,4,,,,,,,,,,,,,,,,,
31.33,11,,,,,,,,,,,,,,,,,
31.33.15,5,,,,,,,,,,,,,,,,,
31.33.34,4,,,,,,,,,,,,,,,,,
31.34,29,,,,,,,,,,,,,,,,,
31.34.15,14,,,,,,,,,,,,,,,,,
31.34.48,4,,,,,,,,,,,,,,,,,
31.48,18,,,,,,,,,,,,,,,,,
31.48.15,10,,,,,,,,,,,,,,,,,
31.50,6,,,,,,,,,,,,,,,,,
32,389,,,,,,,,,,,,,,,,,
32.14,4,,,,,,,,,,,,,,,,,
32.15,122,,,,,,,,,,,,,,,,,
32.16,8,,,,,,,,,,,,,,,,,
32.16.15,5,,,,,,,,,,,,,,,,,
32.17,5,,,,,,,,,,,,,,,,,
32.21,18,,,,,,,,,,,,,,,,,
32.21.15,7,,,,,,,,,,,,,,,,,
32.21.29,7,,,,,,,,,,,,,,,,,
32.24,9,,,,,,,,,,,,,,,,,
32.26,7,,,,,,,,,,,,,,,,,
32.29,55,,,,,,,,,,,,,,,,,
32.29.15,31,,,,,,,,,,,,,,,,,
32.29.32,8,,,,,,,,,,,,,,,,,
32.29.33,4,,,,,,,,,,,,,,,,,
32.31,29,,,,,,,,,,,,,,,,,
32.31.15,9,,,,,,,,,,,,,,,,,
32.31.29,4,,,,,,,,,,,,,,,,,
32.31.32,4,,,,,,,,,,,,,,,,,
32.33,29,,,,,,,,,,,,,,,,,
32.33.15,11,,,,,,,,,,,,,,,,,
32.33.29,7,,,,,,,,,,,,,,,,,
32.33.32,5,,,,,,,,,,,,,,,,,
32.34,67,,,,,,,,,,,,,,,,,
32.34.15,40,,,,,,,,,,,,,,,,,
32.34.29,4,,,,,,,,,,,,,,,,,
32.34.32,4,,,,,,,,,,,,,,,,,
32.34.33,5,,,,,,,,,,,,,,,,,
32.34.33.29,4,,,,,,,,,,,,,,,,,
32.34.48,7,,,,,,,,,,,,,,,,,
32.35,13,,,,,,,,,,,,,,,,,
32.35.15,6,,,,,,,,,,,,,,,,,
32.40,4,,,,,,,,,,,,,,,,,
32.44,4,,,,,,,,,,,,,,,,,
32.47,5,,,,,,,,,,,,,,,,,
32.48,31,,,,,,,,,,,,,,,,,
32.48.15,14,,,,,,,,,,,,,,,,,
32.48.34,4,,,,,,,,,,,,,,,,,
32.50,11,,,,,,,,,,,,,,,,,
32.50.32,4,,,,,,,,,,,,,,,,,
33,500,,,,,,,,,,,,,,,,,
33.15,173,,,,,,,,,,,,,,,,,
33.16,4,,,,,,,,,,,,,,,,,
33.17,4,,,,,,,,,,,,,,,,,
33.21,8,,,,,,,,,,,,,,,,,
33.24,8,,,,,,,,,,,,,,,,,
33.24.15,4,,,,,,,,,,,,,,,,,
33.29,59,,,,,,,,,,,,,,,,,
33.29.15,20,,,,,,,,,,,,,,,,,
33.29.32,6,,,,,,,,,,,,,,,,,
33.29.33,10,,,,,,,,,,,,,,,,,
33.29.33.15,5,,,,,,,,,,,,,,,,,
33.29.34,13,,,,,,,,,,,,,,,,,
33.29.34.15,8,,,,,,,,,,,,,,,,,
33.31,10,,,,,,,,,,,,,,,,,
33.32,28,,,,,,,,,,,,,,,,,
33.32.15,10,,,,,,,,,,,,,,,,,
33.32.33,6,,,,,,,,,,,,,,,,,
33.34,186,,,,,,,,,,,,,,,,,
33.34.15,112,,,,,,,,,,,,,,,,,
33.34.29,14,,,,,,,,,,,,,,,,,
33.34.29.15,8,,,,,,,,,,,,,,,,,
33.34.32,6,,,,,,,,,,,,,,,,,
33.34.33,26,,,,,,,,,,,,,,,,,
33.34.33.15,8,,,,,,,,,,,,,,,,,
33.34.33.34,8,,,,,,,,,,,,,,,,,
33.34.33.34.15,4,,,,,,,,,,,,,,,,,
33.34.33.48,4,,,,,,,,,,,,,,,,,
33.34.45,4,,,,,,,,,,,,,,,,,
33.34.48,24,,,,,,,,,,,,,,,,,
33.34.48.15,6,,,,,,,,,,,,,,,,,
33.34.48.29,4,,,,,,,,,,,,,,,,,
33.34.48.34,11,,,,,,,,,,,,,,,,,
33.34.48.34.15,8,,,,,,,,,,,,,,,,,
33.35,11,,,,,,,,,,,,,,,,,
33.35.15,5,,,,,,,,,,,,,,,,,
33.44,4,,,,,,,,,,,,,,,,,
33.45,4,,,,,,,,,,,,,,,,,
33.48,35,,,,,,,,,,,,,,,,,
33.48.15,15,,,,,,,,,,,,,,,,,
33.48.34,12,,,,,,,,,,,,,,,,,
33.48.34.15,9,,,,,,,,,,,,,,,,,
33.50,8,,,,,,,,,,,,,,,,,
34,1987,,,,,,,,,,,,,,,,,
34.14,11,,,,,,,,,,,,,,,,,
34.15,1232,,,,,,,,,,,,,,,,,
34.16,45,,,,,,,,,,,,,,,,,
34.16.15,38,,,,,,,,,,,,,,,,,
34.16.34,5,,,,,,,,,,,,,,,,,
34.16.34.15,4,,,,,,,,,,,,,,,,,
34.17,10,,,,,,,,,,,,,,,,,
34.17.15,6,,,,,,,,,,,,,,,,,
34.21,16,,,,,,,,,,,,,,,,,
34.21.15,8,,,,,,,,,,,,,,,,,
34.23,10,,,,,,,,,,,,,,,,,
34.24,15,,,,,,,,,,,,,,,,,
34.24.15,7,,,,,,,,,,,,,,,,,
34.24.34,5,,,,,,,,,,,,,,,,,
34.26,6,,,,,,,,,,,,,,,,,
34.28,4,,,,,,,,,,,,,,,,,
34.29,158,,,,,,,,,,,,,,,,,
34.29.15,70,,,,,,,,,,,,,,,,,
34.29.31,4,,,,,,,,,,,,,,,,,
34.29.32,7,,,,,,,,,,,,,,,,,
34.29.33,9,,,,,,,,,,,,,,,,,
34.29.33.15,6,,,,,,,,,,,,,,,,,
34.29.34,39,,,,,,,,,,,,,,,,,
34.29.34.15,27,,,,,,,,,,,,,,,,,
34.29.34.29,4,,,,,,,,,,,,,,,,,
34.29.48,10,,,,,,,,,,,,,,,,,
34.29.48.34,6,,,,,,,,,,,,,,,,,
34.30,6,,,,,,,,,,,,,,,,,
34.31,40,,,,,,,,,,,,,,,,,
34.31.15,9,,,,,,,,,,,,,,,,,
34.31.29,4,,,,,,,,,,,,,,,,,
34.31.34,8,,,,,,,,,,,,,,,,,
34.31.48,5,,,,,,,,,,,,,,,,,
34.32,87,,,,,,,,,,,,,,,,,
34.32.15,31,,,,,,,,,,,,,,,,,
34.32.29,8,,,,,,,,,,,,,,,,,
34.32.29.15,6,,,,,,,,,,,,,,,,,
34.32.31,4,,,,,,,,,,,,,,,,,
34.32.34,24,,,,,,,,,,,,,,,,,
34.32.34.15,14,,,,,,,,,,,,,,,,,
34.32.35,4,,,,,,,,,,,,,,,,,
34.32.48,4,,,,,,,,,,,,,,,,,
34.33,170,,,,,,,,,,,,,,,,,
34.33.15,60,,,,,,,,,,,,,,,,,
34.33.29,14,,,,,,,,,,,,,,,,,
34.33.29.15,4,,,,,,,,,,,,,,,,,
34.33.29.34,5,,,,,,,,,,,,,,,,,
34.33.32,6,,,,,,,,,,,,,,,,,
34.33.32.15,4,,,,,,,,,,,,,,,,,
34.33.34,68,,,,,,,,,,,,,,,,,
34.33.34.15,43,,,,,,,,,,,,,,,,,
34.33.34.29,4,,,,,,,,,,,,,,,,,
34.33.34.33,8,,,,,,,,,,,,,,,,,
34.33.34.33.15,4,,,,,,,,,,,,,,,,,
34.33.34.48,11,,,,,,,,,,,,,,,,,
34.33.34.48.15,4,,,,,,,,,,,,,,,,,
34.33.34.48.34,6,,,,,,,,,,,,,,,,,
34.33.34.48.34.15,4,,,,,,,,,,,,,,,,,
34.33.48,14,,,,,,,,,,,,,,,,,
34.33.48.15,5,,,,,,,,,,,,,,,,,
34.33.48.34,6,,,,,,,,,,,,,,,,,
34.33.48.34.15,4,,,,,,,,,,,,,,,,,
34.35,50,,,,,,,,,,,,,,,,,
34.35.15,18,,,,,,,,,,,,,,,,,
34.35.34,16,,,,,,,,,,,,,,,,,
34.35.34.15,10,,,,,,,,,,,,,,,,,
34.35.48,5,,,,,,,,,,,,,,,,,
34.35.50,4,,,,,,,,,,,,,,,,,
34.38,16,,,,,,,,,,,,,,,,,
34.38.15,9,,,,,,,,,,,,,,,,,
34.39,6,,,,,,,,,,,,,,,,,
34.39.34,4,,,,,,,,,,,,,,,,,
34.40,20,,,,,,,,,,,,,,,,,
34.40.15,4,,,,,,,,,,,,,,,,,
34.40.48,7,,,,,,,,,,,,,,,,,
34.40.48.34,4,,,,,,,,,,,,,,,,,
34.42,6,,,,,,,,,,,,,,,,,
34.44,22,,,,,,,,,,,,,,,,,
34.44.15,5,,,,,,,,,,,,,,,,,
34.44.34,6,,,,,,,,,,,,,,,,,
34.45,38,,,,,,,,,,,,,,,,,
34.45.15,7,,,,,,,,,,,,,,,,,
34.45.34,13,,,,,,,,,,,,,,,,,
34.45.34.15,5,,,,,,,,,,,,,,,,,
34.45.48,8,,,,,,,,,,,,,,,,,
34.47,16,,,,,,,,,,,,,,,,,
34.47.15,8,,,,,,,,,,,,,,,,,
34.48,373,,,,,,,,,,,,,,,,,
34.48.15,150,,,,,,,,,,,,,,,,,
34.48.29,21,,,,,,,,,,,,,,,,,
34.48.29.15,16,,,,,,,,,,,,,,,,,
34.48.32,9,,,,,,,,,,,,,,,,,
34.48.32.15,4,,,,,,,,,,,,,,,,,
34.48.33,18,,,,,,,,,,,,,,,,,
34.48.33.15,7,,,,,,,,,,,,,,,,,
34.48.33.34,8,,,,,,,,,,,,,,,,,
34.48.33.34.33,4,,,,,,,,,,,,,,,,,
34.48.34,143,,,,,,,,,,,,,,,,,
34.48.34.15,100,,,,,,,,,,,,,,,,,
34.48.34.29,5,,,,,,,,,,,,,,,,,
34.48.34.32,5,,,,,,,,,,,,,,,,,
34.48.34.48,30,,,,,,,,,,,,,,,,,
34.48.34.48.15,13,,,,,,,,,,,,,,,,,
34.48.34.48.34,12,,,,,,,,,,,,,,,,,
34.48.34.48.34.15,8,,,,,,,,,,,,,,,,,
34.48.34.48.34.48,5,,,,,,,,,,,,,,,,,
34.48.38,5,,,,,,,,,,,,,,,,,
34.48.45,7,,,,,,,,,,,,,,,,,
34.48.45.48,4,,,,,,,,,,,,,,,,,
34.48.47,9,,,,,,,,,,,,,,,,,
34.48.50,6,,,,,,,,,,,,,,,,,
34.48.50.15,4,,,,,,,,,,,,,,,,,
34.50,39,,,,,,,,,,,,,,,,,
34.50.15,8,,,,,,,,,,,,,,,,,
34.50.29,4,,,,,,,,,,,,,,,,,
34.50.34,18,,,,,,,,,,,,,,,,,
34.50.34.15,12,,,,,,,,,,,,,,,,,
34.50.48,4,,,,,,,,,,,,,,,,,
35,280,,,,,,,,,,,,,,,,,
35.15,85,,,,,,,,,,,,,,,,,
35.24,8,,,,,,,,,,,,,,,,,
35.29,21,,,,,,,,,,,,,,,,,
35.29.15,6,,,,,,,,,,,,,,,,,
35.29.33,5,,,,,,,,,,,,,,,,,
35.29.33.15,4,,,,,,,,,,,,,,,,,
35.31,7,,,,,,,,,,,,,,,,,
35.32,11,,,,,,,,,,,,,,,,,
35.33,12,,,,,,,,,,,,,,,,,
35.33.15,4,,,,,,,,,,,,,,,,,
35.33.34,4,,,,,,,,,,,,,,,,,
35.34,55,,,,,,,,,,,,,,,,,
35.34.15,31,,,,,,,,,,,,,,,,,
35.34.32,5,,,,,,,,,,,,,,,,,
35.34.35,8,,,,,,,,,,,,,,,,,
35.34.35.15,4,,,,,,,,,,,,,,,,,
35.34.48,6,,,,,,,,,,,,,,,,,
35.34.48.15,4,,,,,,,,,,,,,,,,,
35.42,5,,,,,,,,,,,,,,,,,
35.44,7,,,,,,,,,,,,,,,,,
35.47,5,,,,,,,,,,,,,,,,,
35.48,38,,,,,,,,,,,,,,,,,
35.48.15,13,,,,,,,,,,,,,,,,,
35.48.34,7,,,,,,,,,,,,,,,,,
35.48.34.15,5,,,,,,,,,,,,,,,,,
35.48.35,6,,,,,,,,,,,,,,,,,
35.48.35.48,4,,,,,,,,,,,,,,,,,
35.50,11,,,,,,,,,,,,,,,,,
35.50.48,4,,,,,,,,,,,,,,,,,
36,86,,,,,,,,,,,,,,,,,
36.15,26,,,,,,,,,,,,,,,,,
36.29,4,,,,,,,,,,,,,,,,,
36.34,13,,,,,,,,,,,,,,,,,
36.34.15,7,,,,,,,,,,,,,,,,,
36.40,4,,,,,,,,,,,,,,,,,
36.47,4,,,,,,,,,,,,,,,,,
36.48,14,,,,,,,,,,,,,,,,,
37,14,,,,,,,,,,,,,,,,,
37.48,4,,,,,,,,,,,,,,,,,
38,114,,,,,,,,,,,,,,,,,
38.15,35,,,,,,,,,,,,,,,,,
38.16,4,,,,,,,,,,,,,,,,,
38.24,5,,,,,,,,,,,,,,,,,
38.29,5,,,,,,,,,,,,,,,,,
38.34,28,,,,,,,,,,,,,,,,,
38.34.15,18,,,,,,,,,,,,,,,,,
38.34.38,6,,,,,,,,,,,,,,,,,
38.34.38.15,5,,,,,,,,,,,,,,,,,
38.35,4,,,,,,,,,,,,,,,,,
38.40,4,,,,,,,,,,,,,,,,,
38.44,8,,,,,,,,,,,,,,,,,
38.48,21,,,,,,,,,,,,,,,,,
38.48.34,5,,,,,,,,,,,,,,,,,
38.48.38,7,,,,,,,,,,,,,,,,,
39,74,,,,,,,,,,,,,,,,,
39.15,15,,,,,,,,,,,,,,,,,
39.34,18,,,,,,,,,,,,,,,,,
39.34.15,9,,,,,,,,,,,,,,,,,
39.40,4,,,,,,,,,,,,,,,,,
39.44,5,,,,,,,,,,,,,,,,,
39.48,15,,,,,,,,,,,,,,,,,
39.48.15,7,,,,,,,,,,,,,,,,,
40,225,,,,,,,,,,,,,,,,,
40.15,52,,,,,,,,,,,,,,,,,
40.17,8,,,,,,,,,,,,,,,,,
40.17.15,4,,,,,,,,,,,,,,,,,
40.24,20,,,,,,,,,,,,,,,,,
40.24.15,10,,,,,,,,,,,,,,,,,
40.29,17,,,,,,,,,,,,,,,,,
40.29.15,8,,,,,,,,,,,,,,,,,
40.32,4,,,,,,,,,,,,,,,,,
40.34,31,,,,,,,,,,,,,,,,,
40.34.15,13,,,,,,,,,,,,,,,,,
40.34.48,8,,,,,,,,,,,,,,,,,
40.34.48.15,5,,,,,,,,,,,,,,,,,
40.41,4,,,,,,,,,,,,,,,,,
40.42,11,,,,,,,,,,,,,,,,,
40.42.15,4,,,,,,,,,,,,,,,,,
40.42.40,4,,,,,,,,,,,,,,,,,
40.44,17,,,,,,,,,,,,,,,,,
40.44.48,4,,,,,,,,,,,,,,,,,
40.45,18,,,,,,,,,,,,,,,,,
40.45.15,4,,,,,,,,,,,,,,,,,
40.45.48,6,,,,,,,,,,,,,,,,,
40.46,5,,,,,,,,,,,,,,,,,
40.46.15,4,,,,,,,,,,,,,,,,,
40.47,10,,,,,,,,,,,,,,,,,
40.47.15,6,,,,,,,,,,,,,,,,,
40.48,46,,,,,,,,,,,,,,,,,
40.48.15,13,,,,,,,,,,,,,,,,,
40.48.34,8,,,,,,,,,,,,,,,,,
40.48.34.15,7,,,,,,,,,,,,,,,,,
40.48.40,12,,,,,,,,,,,,,,,,,
40.48.40.15,6,,,,,,,,,,,,,,,,,
41,21,,,,,,,,,,,,,,,,,
41.15,4,,,,,,,,,,,,,,,,,
41.48,6,,,,,,,,,,,,,,,,,
41.48.15,4,,,,,,,,,,,,,,,,,
42,129,,,,,,,,,,,,,,,,,
42.15,43,,,,,,,,,,,,,,,,,
42.16,4,,,,,,,,,,,,,,,,,
42.16.15,4,,,,,,,,,,,,,,,,,
42.24,10,,,,,,,,,,,,,,,,,
42.24.15,5,,,,,,,,,,,,,,,,,
42.34,8,,,,,,,,,,,,,,,,,
42.34.15,6,,,,,,,,,,,,,,,,,
42.35,4,,,,,,,,,,,,,,,,,
42.40,12,,,,,,,,,,,,,,,,,
42.40.15,4,,,,,,,,,,,,,,,,,
42.40.42,4,,,,,,,,,,,,,,,,,
42.44,10,,,,,,,,,,,,,,,,,
42.45,7,,,,,,,,,,,,,,,,,
42.45.15,4,,,,,,,,,,,,,,,,,
42.48,34,,,,,,,,,,,,,,,,,
42.48.15,11,,,,,,,,,,,,,,,,,
42.48.34,4,,,,,,,,,,,,,,,,,
42.48.42,9,,,,,,,,,,,,,,,,,
42.48.47,4,,,,,,,,,,,,,,,,,
42.50,6,,,,,,,,,,,,,,,,,
42.50.42,4,,,,,,,,,,,,,,,,,
43,33,,,,,,,,,,,,,,,,,
43.15,10,,,,,,,,,,,,,,,,,
43.42,4,,,,,,,,,,,,,,,,,
43.48,8,,,,,,,,,,,,,,,,,
43.48.15,4,,,,,,,,,,,,,,,,,
44,256,,,,,,,,,,,,,,,,,
44.15,47,,,,,,,,,,,,,,,,,
44.16,8,,,,,,,,,,,,,,,,,
44.16.15,7,,,,,,,,,,,,,,,,,
44.17,4,,,,,,,,,,,,,,,,,
44.24,15,,,,,,,,,,,,,,,,,
44.24.15,8,,,,,,,,,,,,,,,,,
44.29,8,,,,,,,,,,,,,,,,,
44.29.15,4,,,,,,,,,,,,,,,,,
44.31,8,,,,,,,,,,,,,,,,,
44.31.15,5,,,,,,,,,,,,,,,,,
44.32,5,,,,,,,,,,,,,,,,,
44.33,5,,,,,,,,,,,,,,,,,
44.34,40,,,,,,,,,,,,,,,,,
44.34.15,17,,,,,,,,,,,,,,,,,
44.34.48,8,,,,,,,,,,,,,,,,,
44.35,11,,,,,,,,,,,,,,,,,
44.35.34,4,,,,,,,,,,,,,,,,,
44.38,4,,,,,,,,,,,,,,,,,
44.39,4,,,,,,,,,,,,,,,,,
44.40,17,,,,,,,,,,,,,,,,,
44.42,4,,,,,,,,,,,,,,,,,
44.45,31,,,,,,,,,,,,,,,,,
44.45.15,5,,,,,,,,,,,,,,,,,
44.45.34,4,,,,,,,,,,,,,,,,,
44.45.44,8,,,,,,,,,,,,,,,,,
44.45.48,4,,,,,,,,,,,,,,,,,
44.47,6,,,,,,,,,,,,,,,,,
44.48,56,,,,,,,,,,,,,,,,,
44.48.15,24,,,,,,,,,,,,,,,,,
44.48.24,4,,,,,,,,,,,,,,,,,
44.48.34,8,,,,,,,,,,,,,,,,,
44.48.34.15,4,,,,,,,,,,,,,,,,,
44.48.44,8,,,,,,,,,,,,,,,,,
44.48.45,5,,,,,,,,,,,,,,,,,
45,248,,,,,,,,,,,,,,,,,
45.14,4,,,,,,,,,,,,,,,,,
45.15,56,,,,,,,,,,,,,,,,,
45.24,8,,,,,,,,,,,,,,,,,
45.29,6,,,,,,,,,,,,,,,,,
45.33,11,,,,,,,,,,,,,,,,,
45.33.15,4,,,,,,,,,,,,,,,,,
45.34,59,,,,,,,,,,,,,,,,,
45.34.15,25,,,,,,,,,,,,,,,,,
45.34.29,4,,,,,,,,,,,,,,,,,
45.34.45,4,,,,,,,,,,,,,,,,,
45.34.48,16,,,,,,,,,,,,,,,,,
45.34.48.15,6,,,,,,,,,,,,,,,,,
45.34.48.34,6,,,,,,,,,,,,,,,,,
45.34.48.34.15,5,,,,,,,,,,,,,,,,,
45.35,4,,,,,,,,,,,,,,,,,
45.38,4,,,,,,,,,,,,,,,,,
45.40,13,,,,,,,,,,,,,,,,,
45.44,27,,,,,,,,,,,,,,,,,
45.44.45,4,,,,,,,,,,,,,,,,,
45.44.48,6,,,,,,,,,,,,,,,,,
45.47,4,,,,,,,,,,,,,,,,,
45.48,63,,,,,,,,,,,,,,,,,
45.48.15,20,,,,,,,,,,,,,,,,,
45.48.29,5,,,,,,,,,,,,,,,,,
45.48.29.15,5,,,,,,,,,,,,,,,,,
45.48.34,12,,,,,,,,,,,,,,,,,
45.48.34.15,6,,,,,,,,,,,,,,,,,
45.48.44,4,,,,,,,,,,,,,,,,,
45.48.45,7,,,,,,,,,,,,,,,,,
45.48.45.48,4,,,,,,,,,,,,,,,,,
46,54,,,,,,,,,,,,,,,,,
46.15,16,,,,,,,,,,,,,,,,,
46.24,4,,,,,,,,,,,,,,,,,
46.34,7,,,,,,,,,,,,,,,,,
46.34.15,5,,,,,,,,,,,,,,,,,
46.44,4,,,,,,,,,,,,,,,,,
46.48,15,,,,,,,,,,,,,,,,,
47,139,,,,,,,,,,,,,,,,,
47.15,64,,,,,,,,,,,,,,,,,
47.24,6,,,,,,,,,,,,,,,,,
47.29,8,,,,,,,,,,,,,,,,,
47.29.15,5,,,,,,,,,,,,,,,,,
47.34,14,,,,,,,,,,,,,,,,,
47.34.15,8,,,,,,,,,,,,,,,,,
47.44,4,,,,,,,,,,,,,,,,,
47.48,30,,,,,,,,,,,,,,,,,
47.48.15,11,,,,,,,,,,,,,,,,,
47.48.47,8,,,,,,,,,,,,,,,,,
47.48.47.15,5,,,,,,,,,,,,,,,,,
47.50,7,,,,,,,,,,,,,,,,,
48,1493,,,,,,,,,,,,,,,,,
48.14,32,,,,,,,,,,,,,,,,,
48.15,554,,,,,,,,,,,,,,,,,
48.16,12,,,,,,,,,,,,,,,,,
48.16.15,8,,,,,,,,,,,,,,,,,
48.17,14,,,,,,,,,,,,,,,,,
48.17.15,6,,,,,,,,,,,,,,,,,
48.17.24,5,,,,,,,,,,,,,,,,,
48.21,11,,,,,,,,,,,,,,,,,
48.21.15,4,,,,,,,,,,,,,,,,,
48.22,5,,,,,,,,,,,,,,,,,
48.24,42,,,,,,,,,,,,,,,,,
48.24.15,15,,,,,,,,,,,,,,,,,
48.24.17,6,,,,,,,,,,,,,,,,,
48.24.17.15,4,,,,,,,,,,,,,,,,,
48.24.48,7,,,,,,,,,,,,,,,,,
48.24.48.15,5,,,,,,,,,,,,,,,,,
48.26,4,,,,,,,,,,,,,,,,,
48.29,97,,,,,,,,,,,,,,,,,
48.29.15,61,,,,,,,,,,,,,,,,,
48.29.32,6,,,,,,,,,,,,,,,,,
48.29.33,6,,,,,,,,,,,,,,,,,
48.29.34,4,,,,,,,,,,,,,,,,,
48.29.48,9,,,,,,,,,,,,,,,,,
48.29.48.15,4,,,,,,,,,,,,,,,,,
48.31,17,,,,,,,,,,,,,,,,,
48.31.15,4,,,,,,,,,,,,,,,,,
48.32,42,,,,,,,,,,,,,,,,,
48.32.15,13,,,,,,,,,,,,,,,,,
48.32.29,4,,,,,,,,,,,,,,,,,
48.32.33,4,,,,,,,,,,,,,,,,,
48.32.34,4,,,,,,,,,,,,,,,,,
48.33,75,,,,,,,,,,,,,,,,,
48.33.15,24,,,,,,,,,,,,,,,,,
48.33.29,6,,,,,,,,,,,,,,,,,
48.33.34,26,,,,,,,,,,,,,,,,,
48.33.34.15,13,,,,,,,,,,,,,,,,,
48.33.34.33,5,,,,,,,,,,,,,,,,,
48.33.34.48,4,,,,,,,,,,,,,,,,,
48.33.48,6,,,,,,,,,,,,,,,,,
48.34,432,,,,,,,,,,,,,,,,,
48.34.15,272,,,,,,,,,,,,,,,,,
48.34.16,6,,,,,,,,,,,,,,,,,
48.34.16.15,5,,,,,,,,,,,,,,,,,
48.34.29,28,,,,,,,,,,,,,,,,,
48.34.29.15,11,,,,,,,,,,,,,,,,,
48.34.29.34,9,,,,,,,,,,,,,,,,,
48.34.29.34.15,7,,,,,,,,,,,,,,,,,
48.34.29.48,4,,,,,,,,,,,,,,,,,
48.34.32,9,,,,,,,,,,,,,,,,,
48.34.33,19,,,,,,,,,,,,,,,,,
48.34.33.15,5,,,,,,,,,,,,,,,,,
48.34.33.34,9,,,,,,,,,,,,,,,,,
48.34.33.34.15,7,,,,,,,,,,,,,,,,,
48.34.35,5,,,,,,,,,,,,,,,,,
48.34.40,4,,,,,,,,,,,,,,,,,
48.34.44,4,,,,,,,,,,,,,,,,,
48.34.48,87,,,,,,,,,,,,,,,,,
48.34.48.15,34,,,,,,,,,,,,,,,,,
48.34.48.33,5,,,,,,,,,,,,,,,,,
48.34.48.34,38,,,,,,,,,,,,,,,,,
48.34.48.34.15,26,,,,,,,,,,,,,,,,,
48.34.48.34.48,12,,,,,,,,,,,,,,,,,
48.34.48.34.48.15,6,,,,,,,,,,,,,,,,,
48.34.48.34.48.34,5,,,,,,,,,,,,,,,,,
48.34.48.34.48.34.15,4,,,,,,,,,,,,,,,,,
48.34.50,11,,,,,,,,,,,,,,,,,
48.34.50.34,6,,,,,,,,,,,,,,,,,
48.35,49,,,,,,,,,,,,,,,,,
48.35.15,18,,,,,,,,,,,,,,,,,
48.35.34,4,,,,,,,,,,,,,,,,,
48.35.34.15,4,,,,,,,,,,,,,,,,,
48.35.48,12,,,,,,,,,,,,,,,,,
48.35.48.15,6,,,,,,,,,,,,,,,,,
48.35.48.35,4,,,,,,,,,,,,,,,,,
48.36,13,,,,,,,,,,,,,,,,,
48.36.15,4,,,,,,,,,,,,,,,,,
48.38,18,,,,,,,,,,,,,,,,,
48.38.15,4,,,,,,,,,,,,,,,,,
48.38.48,4,,,,,,,,,,,,,,,,,
48.39,15,,,,,,,,,,,,,,,,,
48.39.34,4,,,,,,,,,,,,,,,,,
48.39.48,8,,,,,,,,,,,,,,,,,
48.39.48.15,4,,,,,,,,,,,,,,,,,
48.40,40,,,,,,,,,,,,,,,,,
48.40.15,10,,,,,,,,,,,,,,,,,
48.40.24,4,,,,,,,,,,,,,,,,,
48.40.34,4,,,,,,,,,,,,,,,,,
48.40.45,5,,,,,,,,,,,,,,,,,
48.40.48,11,,,,,,,,,,,,,,,,,
48.40.48.15,4,,,,,,,,,,,,,,,,,
48.40.48.40,5,,,,,,,,,,,,,,,,,
48.41,4,,,,,,,,,,,,,,,,,
48.42,29,,,,,,,,,,,,,,,,,
48.42.15,8,,,,,,,,,,,,,,,,,
48.42.48,8,,,,,,,,,,,,,,,,,
48.43,10,,,,,,,,,,,,,,,,,
48.43.15,4,,,,,,,,,,,,,,,,,
48.44,47,,,,,,,,,,,,,,,,,
48.44.15,12,,,,,,,,,,,,,,,,,
48.44.34,7,,,,,,,,,,,,,,,,,
48.44.45,5,,,,,,,,,,,,,,,,,
48.44.48,12,,,,,,,,,,,,,,,,,
48.45,54,,,,,,,,,,,,,,,,,
48.45.15,13,,,,,,,,,,,,,,,,,
48.45.34,9,,,,,,,,,,,,,,,,,
48.45.34.48,4,,,,,,,,,,,,,,,,,
48.45.40,4,,,,,,,,,,,,,,,,,
48.45.44,6,,,,,,,,,,,,,,,,,
48.45.48,16,,,,,,,,,,,,,,,,,
48.45.48.15,5,,,,,,,,,,,,,,,,,
48.46,16,,,,,,,,,,,,,,,,,
48.46.48,9,,,,,,,,,,,,,,,,,
48.47,50,,,,,,,,,,,,,,,,,
48.47.15,23,,,,,,,,,,,,,,,,,
48.47.29,5,,,,,,,,,,,,,,,,,
48.47.29.15,4,,,,,,,,,,,,,,,,,
48.47.34,7,,,,,,,,,,,,,,,,,
48.47.34.15,4,,,,,,,,,,,,,,,,,
48.47.48,12,,,,,,,,,,,,,,,,,
48.47.48.47,4,,,,,,,,,,,,,,,,,
48.50,29,,,,,,,,,,,,,,,,,
48.50.15,11,,,,,,,,,,,,,,,,,
48.50.34,5,,,,,,,,,,,,,,,,,
48.50.34.15,4,,,,,,,,,,,,,,,,,
48.50.48,10,,,,,,,,,,,,,,,,,
48.50.48.15,6,,,,,,,,,,,,,,,,,
50,184,,,,,,,,,,,,,,,,,
50.15,57,,,,,,,,,,,,,,,,,
50.21,7,,,,,,,,,,,,,,,,,
50.21.15,5,,,,,,,,,,,,,,,,,
50.24,5,,,,,,,,,,,,,,,,,
50.29,16,,,,,,,,,,,,,,,,,
50.29.15,8,,,,,,,,,,,,,,,,,
50.30,4,,,,,,,,,,,,,,,,,
50.31,6,,,,,,,,,,,,,,,,,
50.32,9,,,,,,,,,,,,,,,,,
50.33,9,,,,,,,,,,,,,,,,,
50.34,33,,,,,,,,,,,,,,,,,
50.34.15,20,,,,,,,,,,,,,,,,,
50.34.48,4,,,,,,,,,,,,,,,,,
50.35,9,,,,,,,,,,,,,,,,,
50.35.15,4,,,,,,,,,,,,,,,,,
50.42,5,,,,,,,,,,,,,,,,,
50.45,4,,,,,,,,,,,,,,,,,
50.48,25,,,,,,,,,,,,,,,,,
50.48.15,11,,,,,,,,,,,,,,,,,
50.48.34,4,,,,,,,,,,,,,,,,,
50.48.50,6,,,,,,,,,,,,,,,,,
