id,value,nok,ffiak,wage_dif,mean_wage_fem,mean_wage_male,gender_dom,relevant_wagedif_norm,wage_sign,wagegap
0,55576,,,,,,,,,0
0.11,70,18,52,,530.93671,565.91498,1,,,1
0.12,411,97,314,,1227.5671,1251.7584,1,,,1
0.12.35,251,65,186,-299.06757,513.50183,433.55151,1,0,0,0
0.13,160,9,151,,758.42474,614.42084,1,,,0
0.15,947,330,617,,653.38507,680.93024,1,,,1
0.15.29,101,38,63,472.27869,1034.7302,1231.1447,1,1,1,1
0.15.34,97,47,50,172.71002,1324.7513,1010.104,0,0,1,0
0.17,1453,362,1091,,860.03046,669.49115,1,,,0
0.17.15,119,20,99,300.98569,1567.1256,2354.0593,1,0,1,1
0.17.21,57,18,39,1197.4215,914.59137,1461.0535,1,1,1,1
0.17.23,117,51,66,615.92358,1375.2034,1775.3533,0,1,1,1
0.17.24,200,38,162,473.13071,1471.6071,1551.2205,1,1,1,1
0.17.24.17,86,13,73,1142.6189,469.24738,1550.255,1,1,1,1
0.17.29,59,16,43,444.38281,750.73169,2546.5198,1,0,1,1
0.18,482,386,96,,274.69684,626.85846,2,,,1
0.19,64,46,18,,758.4845,414.93576,2,,,0
0.20,1247,991,256,,396.22214,444.64822,2,,,1
0.20.32,75,67,8,.51075286,1974.8219,3271.9866,2,0,1,1
0.21,1222,754,468,,975.27002,989.18823,2,,,1
0.21.15,102,51,51,214.05989,1150.5377,1781.0143,0,0,1,1
0.21.23,108,63,45,521.15839,1405.7969,1555.9985,0,1,1,1
0.21.29,343,229,114,567.82373,1101.6514,1057.0026,2,1,1,0
0.21.29.21,85,59,26,497.42023,1283.7035,1075.9286,2,1,1,0
0.21.32,90,73,17,873.67834,5215.3281,811.00684,2,1,1,0
0.21.34,60,33,27,151.22231,1035.0695,1183.2125,0,0,1,1
0.22,288,165,123,,644.2641,975.08905,0,,,1
0.23,583,367,216,,895.41351,3179.6909,2,,,1
0.23.21,93,63,30,732.3728,1714.0781,887.52966,2,1,1,0
0.23.29,74,53,21,498.58475,1226.4468,1403.4274,2,1,1,1
0.24,1922,510,1412,,1174.5254,1017.2058,1,,,0
0.24.15,91,14,77,329.03909,582.44745,1426.468,1,0,1,1
0.24.17,595,101,494,1052.994,782.50452,956.38782,1,1,1,1
0.24.17.24,118,13,105,420.31381,2850.5979,1822.9673,1,0,1,0
0.24.29,117,49,68,757.26202,886.40643,849.98138,0,1,1,0
0.24.31,58,25,33,500.5802,1004.0089,1583.2166,0,1,1,1
0.24.32,98,59,39,407.89038,799.76038,1641.5673,2,0,1,1
0.24.33,58,28,30,669.86444,1028.1407,2593.0808,0,1,1,1
0.24.34,89,35,54,127.92027,1795.1066,1368.6179,1,0,1,0
0.24.40,72,5,67,-15.489985,816.633,820.78857,1,0,0,1
0.24.48,98,25,73,17.157143,1050.2445,1122.9669,1,0,1,1
0.26,616,467,149,,765.96771,1000.8137,2,,,1
0.26.18,57,40,17,1109.8287,1282.3145,230.29077,2,1,1,0
0.27,199,162,37,,699.48889,927.25171,2,,,1
0.28,325,289,36,,590.9834,681.35535,2,,,1
0.29,3906,2646,1261,,872.11713,897.33624,2,,,1
0.29.15,200,107,93,137.11523,1046.1058,1236.4504,0,0,1,1
0.29.17,86,27,59,1238.8107,1155.6388,1872.9121,1,1,1,1
0.29.21,599,381,218,818.05249,1198.1533,1499.7396,2,1,1,1
0.29.21.23,60,43,17,93.325623,1034.6271,3114.4932,2,0,1,1
0.29.21.29,154,100,54,59.253464,1281.7451,2598.4182,2,0,1,1
0.29.23,162,119,43,782.43787,1093.3477,2452.8813,2,1,1,1
0.29.24,123,51,72,822.63373,1420.7828,1829.8873,0,1,1,1
0.29.31,228,168,60,538.0191,1271.3259,2409.5964,2,1,1,1
0.29.31.29,62,45,17,540.75494,1116.7661,2787.4419,2,1,1,1
0.29.32,538,455,83,386.62421,1135.7719,1952.1265,2,0,1,1
0.29.32.29,165,141,24,637.23993,1536.3494,1234.6095,2,1,1,0
0.29.33,388,292,96,283.47272,1061.7656,856.34857,2,0,1,0
0.29.33.29,86,66,20,707.55389,643.92657,1067.7285,2,1,1,1
0.29.34,304,206,98,203.44308,1214.0662,991.66284,2,0,1,0
0.29.34.29,64,45,19,932.06329,1240.1792,1196.644,2,1,1,0
0.29.35,82,47,35,744.81415,962.60681,1074.1656,0,1,1,1
0.29.48,151,71,80,70.709572,1354.6932,1349.7839,0,0,1,0
0.30,369,199,170,,893.04913,676.82819,0,,,0
0.30.22,80,48,32,260.50497,1192.3611,3964.0588,0,0,1,1
0.31,1259,811,448,,1201.4116,1220.5964,2,,,1
0.31.17,61,20,41,2544.5476,572.69501,745.18042,1,1,1,1
0.31.21,92,55,37,1218.7402,1342.0623,876.45941,0,1,1,0
0.31.23,75,50,25,983.24548,939.13617,948.15222,2,1,1,1
0.31.29,240,178,62,734.44421,1078.3368,1490.2219,2,1,1,1
0.31.32,157,127,30,270.58777,1139.7826,1052.5673,2,0,1,0
0.31.33,76,55,21,853.33569,1521.3142,1526.6378,2,1,1,1
0.31.34,80,51,29,233.75743,909.0871,722.48334,2,0,1,0
0.31.48,57,29,28,272.85413,1148.1488,2119.2007,0,0,1,1
0.32,2989,2372,617,,871.97443,1186.0308,2,,,1
0.32.15,127,87,40,346.94659,1323.4519,748.36188,2,0,1,0
0.32.17,93,37,56,2254.0957,899.39355,812.46075,1,1,1,0
0.32.20,57,50,7,1437.3823,909.82971,474.40082,2,1,1,0
0.32.21,190,144,46,1485.3856,1240.4093,1652.5394,2,1,1,1
0.32.23,96,78,18,755.08459,1075.2794,951.42407,2,1,1,0
0.32.24,98,56,42,1532.8324,1321.0066,1186.2936,0,1,1,0
0.32.26,86,73,13,277.62616,1042.552,1325.088,2,0,1,1
0.32.29,671,566,105,719.87512,866.78888,1142.5992,2,1,1,1
0.32.29.21,81,63,18,512.22699,1474.8344,1021.2824,2,1,1,0
0.32.29.32,144,126,18,426.28751,1839.3619,1252.1044,2,0,1,0
0.32.31,226,195,31,489.49524,922.86993,1340.2053,2,1,1,1
0.32.33,202,176,26,462.02884,1143.7776,2052.8347,2,1,1,1
0.32.34,216,187,29,251.76443,960.28882,1108.5001,2,0,1,1
0.32.35,67,52,15,446.90555,837.67804,1812.3687,2,0,1,1
0.32.48,169,124,45,-3.1829083,1255.704,459.03555,2,0,0,0
0.33,1766,1287,479,,1178.1863,1248.7385,2,,,1
0.33.21,71,48,23,1683.4879,1067.7729,978.46631,2,1,1,0
0.33.24,98,36,62,1151.5029,1092.4406,936.36377,1,1,1,0
0.33.29,315,258,57,587.84601,993.67108,1164.908,2,1,1,1
0.33.29.32,61,53,8,56.899845,1023.1091,1024.0834,2,0,1,1
0.33.31,84,62,22,586.00049,2266.8738,1183.2079,2,1,1,0
0.33.32,238,206,32,255.27338,1153.3654,1365.509,2,0,1,1
0.33.34,316,266,50,222.44617,1047.2341,1149.1379,2,0,1,1
0.33.35,59,31,28,683.64178,1594.792,658.56744,0,1,1,0
0.33.48,132,79,53,89.247391,1091.3081,1414.7522,0,0,1,1
0.34,9998,6549,3449,,700.1936,834.66663,2,,,1
0.34.15,606,299,307,228.16452,1187.4033,1052.5541,0,0,1,0
0.34.15.34,259,137,122,87.033218,1029.1071,1414.4294,0,0,1,1
0.34.15.34.15,67,35,32,323.18842,1640.3916,1100.4513,0,0,1,0
0.34.17,74,24,50,4008.2727,510.54791,1091.2142,1,1,1,1
0.34.20,127,107,20,1182.5199,473.54602,692.26514,2,1,1,1
0.34.21,172,95,77,1476.5542,1027.316,1104.3525,0,1,1,1
0.34.23,65,41,24,2015.9126,653.51349,1062.9843,2,1,1,1
0.34.24,220,95,125,822.30396,1056.2844,685.3291,0,1,1,0
0.34.26,89,77,12,683.89667,943.48102,1098.5681,2,1,1,1
0.34.28,58,54,4,119.60806,673.74164,394.25067,2,0,1,0
0.34.29,866,616,250,973.61835,968.67908,1077.2538,2,1,1,1
0.34.29.15,59,38,21,76.869003,1255.3726,960.16797,2,0,1,0
0.34.29.32,90,86,4,282.34811,1243.6421,358.56616,2,0,1,0
0.34.29.33,105,87,18,140.15619,1301.5311,1153.8447,2,0,1,0
0.34.29.34,193,136,57,63.25449,842.90118,1350.905,2,0,1,1
0.34.31,224,166,58,853.03143,1252.3501,1636.7037,2,1,1,1
0.34.32,667,593,74,568.03552,862.07147,1700.5363,2,1,1,1
0.34.32.29,89,83,6,600.8985,827.79266,1027.5917,2,1,1,1
0.34.32.34,132,119,13,241.79269,1134.006,917.14905,2,0,1,0
0.34.33,762,644,118,391.48621,1033.9064,1585.4523,2,0,1,1
0.34.33.29,83,70,13,194.81671,1285.6573,1087.6135,2,0,1,0
0.34.33.32,70,65,5,196.78488,963.39441,1187.8602,2,0,1,1
0.34.33.34,323,284,39,152.63066,781.0387,1058.7955,2,0,1,1
0.34.35,506,323,183,260.15894,966.92773,947.19495,2,0,1,0
0.34.35.34,118,86,32,249.08733,1335.9725,1374.7765,2,0,1,1
0.34.35.48,78,38,40,51.874126,732.52148,780.1283,0,0,1,1
0.34.38,135,65,70,328.45416,1036.5377,649.0575,0,0,1,0
0.34.39,89,48,41,144.36128,953.26776,1123.2433,0,0,1,1
0.34.40,191,54,137,698.24152,833.99512,864.06677,1,1,1,1
0.34.42,66,1,65,355.94846,533.93237,1005.8847,1,0,1,1
0.34.44,306,208,98,468.68338,928.56207,1232.4392,2,1,1,1
0.34.44.34,72,49,23,243.31786,1118.8359,1033.2264,2,0,1,0
0.34.44.48,61,39,22,603.19397,947.422,3450.0347,2,1,1,1
0.34.45,322,238,84,386.82642,891.34698,1104.5839,2,0,1,1
0.34.45.34,78,59,19,192.80875,928.42334,852.38995,2,0,1,0
0.34.45.48,80,59,21,173.64513,1126.8364,1017.9438,2,0,1,0
0.34.47,169,21,148,311.51633,1212.1033,718.32886,1,0,1,0
0.34.48,2051,1263,788,167.37955,1146.4397,1214.8047,2,0,1,1
0.34.48.29,58,30,28,644.44501,1185.8634,1385.8951,0,1,1,1
0.34.48.32,77,67,10,-75.338577,1094.9327,548.71069,2,0,0,0
0.34.48.34,725,444,281,69.889603,905.90808,1056.9547,2,0,1,1
0.34.48.34.48,211,124,87,26.435492,1305.9857,1240.825,0,0,1,0
0.34.48.34.48.34,79,41,38,266.97092,1343.9158,1152.8729,0,0,1,0
0.34.48.35,93,57,36,289.53821,1164.139,1512.4445,2,0,1,1
0.34.48.44,79,44,35,475.01456,1103.7067,1150.5433,0,1,1,1
0.34.48.45,75,47,28,274.37286,1233.2833,1819.7363,2,0,1,1
0.35,2642,1246,1396,,927.49048,956.84009,0,,,1
0.35.12,73,13,60,.65176034,466.83994,792.71289,1,0,1,1
0.35.15,59,24,35,304.77933,1300.2073,690.85199,0,0,1,0
0.35.24,57,15,42,1190.5704,1259.9019,996.05878,1,1,1,0
0.35.26,110,81,29,534.29376,728.66528,648.73309,2,1,1,0
0.35.29,147,83,64,931.40271,818.41779,1035.16,0,1,1,1
0.35.32,88,68,20,458.73236,1123.8762,2146.8428,2,1,1,1
0.35.33,77,42,35,325.46857,1043.9492,1591.0848,0,0,1,1
0.35.34,291,186,105,199.19164,989.28925,1138.7999,2,0,1,1
0.35.34.48,60,29,31,-19.027548,1265.1564,691.65045,0,0,0,0
0.35.40,60,1,59,548.61414,229.18452,885.03546,1,1,1,1
0.35.47,81,2,79,265.14651,168.16562,727.80328,1,0,1,1
0.35.48,390,130,260,138.94453,909.31049,1216.8567,1,0,1,1
0.35.48.35,85,26,59,554.91492,1445.1877,1145.5923,1,1,1,0
0.36,585,166,419,,1120.9495,943.27594,1,,,0
0.36.48,230,60,170,212.13718,843.55103,781.4624,1,0,1,0
0.37,126,15,111,,998.44482,732.75311,1,,,0
0.38,1066,387,679,,1002.7556,919.63007,1,,,0
0.38.34,132,66,66,-11.164885,778.21265,813.55151,0,0,0,1
0.38.44,80,26,54,300.01639,963.25323,685.9007,1,0,1,0
0.38.48,377,140,237,108.75576,813.86951,969.24078,1,0,1,1
0.38.48.38,66,18,48,354.98569,3198.7756,654.9942,1,0,1,0
0.39,1392,491,901,,729.08472,605.9953,1,,,0
0.39.34,104,60,44,424.87619,1350.9814,625.34772,0,0,1,0
0.39.40,77,17,60,196.01315,1064.8623,862.20288,1,0,1,0
0.39.42,95,0,95,57.946831,,867.00049,1,0,1,0
0.39.44,157,69,88,292.65671,1451.0944,896.83331,0,0,1,0
0.39.45,73,37,36,529.74829,728.82904,923.03558,0,1,1,1
0.39.48,415,145,270,211.27739,699.13232,738.73022,1,0,1,1
0.39.48.39,56,15,41,124.92434,789.04016,938.88129,1,0,1,1
0.40,2667,301,2366,,1110.0266,652.58148,1,,,0
0.40.24,188,6,182,729.39081,1451.2555,918.74451,1,1,1,0
0.40.29,60,8,52,982.61975,583.70746,1079.7596,1,1,1,1
0.40.34,152,41,111,180.25179,507.24475,972.94,1,0,1,1
0.40.35,99,7,92,111.43266,669.77161,875.68018,1,0,1,1
0.40.42,147,0,147,156.069,,936.30414,1,0,1,0
0.40.42.40,58,0,58,801.80835,,810.36273,1,1,1,0
0.40.44,241,40,201,207.75223,1047.3925,1004.2423,1,0,1,0
0.40.44.40,63,5,58,462.6951,1317.7729,1426.5664,1,1,1,1
0.40.45,211,57,154,207.11484,542.85339,1283.4905,1,0,1,1
0.40.47,159,1,158,237.74477,1699.3912,727.70544,1,0,1,0
0.40.48,549,67,482,124.66645,1007.2415,1001.3134,1,0,1,0
0.40.48.40,144,3,141,599.82721,384.60391,945.56012,1,1,1,1
0.41,161,75,86,,846.71167,756.33478,0,,,0
0.42,1707,12,1695,,882.04919,647.75995,1,,,0
0.42.34,82,3,79,286.47543,260.32178,954.83911,1,0,1,1
0.42.40,190,1,189,347.25305,151.18092,722.7851,1,0,1,1
0.42.44,79,0,79,308.9892,,1329.5752,1,0,1,0
0.42.45,57,0,57,300.32104,,1425.9519,1,0,1,0
0.42.47,60,0,60,439.17587,,666.67065,1,0,1,0
0.42.48,607,2,605,115.37175,987.61877,1000.7485,1,0,1,1
0.42.48.42,236,0,236,-3.9408772,,1064.3145,1,0,0,0
0.42.48.42.48,104,0,104,-383.48416,,1171.3824,1,0,0,0
0.43,139,9,130,,1306.332,979.94885,1,,,0
0.43.48,56,2,54,214.23131,310.70416,696.75006,1,0,1,1
0.44,2189,824,1365,,1026.757,1109.0924,1,,,1
0.44.24,124,31,93,634.76184,1081.9417,1970.2731,1,1,1,1
0.44.34,201,130,71,354.10825,698.12329,1900.6501,2,0,1,1
0.44.34.48,57,43,14,25.669609,1281.5475,1530.0581,2,0,1,1
0.44.35,73,23,50,395.38068,1022.4364,1020.761,1,0,1,0
0.44.39,93,39,54,112.6375,845.51251,622.36969,0,0,1,0
0.44.40,214,29,185,339.09949,578.18951,897.12958,1,0,1,1
0.44.42,67,2,65,81.088036,549.09509,975.1449,1,0,1,1
0.44.45,293,154,139,298.3009,950.3996,1146.0835,0,0,1,1
0.44.45.44,65,35,30,136.59419,704.41614,742.97296,0,0,1,1
0.44.45.48,81,35,46,-83.629684,724.07813,874.21283,0,0,0,1
0.44.48,572,205,367,70.264404,868.77277,917.08551,1,0,1,1
0.44.48.44,97,25,72,426.86658,1391.7086,1051.3082,1,0,1,0
0.44.48.45,66,35,31,358.85382,1476.4025,1984.9238,0,0,1,1
0.45,1972,1037,935,,937.43231,1129.5492,0,,,1
0.45.24,93,43,50,561.54565,809.42188,908.74274,0,1,1,1
0.45.34,203,146,57,114.36507,1036.9303,1059.5449,2,0,1,1
0.45.35,66,29,37,352.7464,1102.8396,1255.4796,0,0,1,1
0.45.40,177,51,126,240.44693,1326.7787,740.7027,1,0,1,0
0.45.44,325,179,146,81.276192,1162.6271,1262.1029,0,0,1,1
0.45.44.45,88,56,32,239.1866,674.78534,1562.8761,2,0,1,1
0.45.44.48,73,45,28,-293.7648,675.28412,1027.5002,2,0,0,1
0.45.48,571,285,286,80.868263,966.86652,1012.1618,0,0,1,1
0.45.48.44,62,33,29,211.80771,1397.5198,1237.2313,0,0,1,0
0.45.48.45,103,59,44,509.52869,1312.2313,1523.1863,0,1,1,1
0.46,259,81,178,,1093.1204,1208.8691,1,,,1
0.46.48,62,25,37,285.10315,929.04413,1328.1976,0,0,1,1
0.47,789,21,768,,1041.9353,638.21619,1,,,0
0.47.34,63,2,61,117.73148,1975.5854,1167.4585,1,0,1,0
0.47.48,152,7,145,15.916783,626.57233,940.24762,1,0,1,1
0.48,9577,3559,6018,,876.14087,910.93817,1,,,1
0.48.15,130,21,109,792.20782,729.44098,856.31293,1,1,1,1
0.48.17,89,16,73,5361.1694,628.48688,767.5127,1,1,1,1
0.48.20,57,33,24,1754.4504,455.20319,650.61786,0,1,1,1
0.48.24,248,54,194,1153.8763,1147.6691,1145.4855,1,1,1,0
0.48.28,88,73,15,376.48981,481.12674,997.39014,2,0,1,1
0.48.29,312,111,201,1003.9,1101.8372,1191.7471,1,1,1,1
0.48.31,104,60,44,760.05292,969.62677,1331.1553,0,1,1,1
0.48.32,285,199,86,585.45764,1033.9342,935.1557,2,1,1,0
0.48.32.48,70,48,22,-57.460381,851.27612,1034.4636,2,0,0,1
0.48.33,146,86,60,1621.4329,1805.7723,1508.5747,0,1,1,0
0.48.34,1068,527,541,358.77582,1001.9496,1100.7012,0,0,1,1
0.48.34.29,66,29,37,243.56676,999.73956,1361.2102,0,0,1,1
0.48.34.48,394,185,209,106.32493,1020.4619,1054.2107,0,0,1,1
0.48.34.48.34,107,57,50,164.43311,986.13226,1673.8816,0,0,1,1
0.48.35,502,140,362,371.65887,1342.3799,879.25385,1,0,1,0
0.48.35.48,199,46,153,32.206589,715.79547,926.01984,1,0,1,1
0.48.36,196,38,158,160.07216,1348.2922,1161.2534,1,0,1,0
0.48.36.48,122,23,99,156.94455,686.34723,573.80438,1,0,1,0
0.48.37,87,8,79,54.015965,572.81348,932.46692,1,0,1,1
0.48.38,239,80,159,218.32227,1646.9731,1599.371,1,0,1,0
0.48.38.48,127,43,84,-234.45439,497.44974,796.41315,1,0,0,1
0.48.39,191,57,134,150.72894,959.39441,1087.0298,1,0,1,1
0.48.39.48,77,23,54,78.625984,895.54077,484.96295,1,0,1,0
0.48.40,494,49,445,223.65469,1150.799,1004.7062,1,0,1,0
0.48.40.44,58,5,53,207.45648,1184.3943,683.49017,1,0,1,0
0.48.40.48,177,19,158,56.430447,1759.6624,1123.2144,1,0,1,0
0.48.42,481,4,477,251.92099,1287.5088,1237.826,1,0,1,0
0.48.42.48,262,3,259,-90.367897,420.9805,916.60577,1,0,0,1
0.48.42.48.42,70,0,70,273.23807,,1238.454,1,0,1,0
0.48.43,125,7,118,103.13346,845.383,1074.3654,1,0,1,1
0.48.43.48,74,2,72,123.6909,287.41318,821.97559,1,0,1,1
0.48.44,630,186,444,481.47653,1318.7629,1362.3717,1,1,1,1
0.48.44.45,70,37,33,140.19461,862.63513,1308.0334,0,0,1,1
0.48.44.48,253,66,187,-59.926201,974.04926,1094.7598,1,0,0,1
0.48.45,626,279,347,361.95709,1120.6665,1475.7659,0,0,1,1
0.48.45.44,72,28,44,480.58942,1441.2855,987.75244,1,1,1,0
0.48.45.48,269,111,158,-4.8060927,961.80945,964.91467,0,0,0,1
0.48.46,98,34,64,391.10709,963.63068,1141.0435,1,0,1,1
0.48.47,356,3,353,-115.9604,1393.5759,1092.8789,1,0,0,0
0.48.47.48,120,3,117,108.01267,593.04712,954.50665,1,0,1,1
11,204,,,,,,,,,0
12,726,,,,,,,,,0
12.35,305,,,,,,,,,0
13,381,,,,,,,,,0
13.12,63,,,,,,,,,0
13.48,63,,,,,,,,,0
14,347,,,,,,,,,0
15,6261,,,,,,,,,0
15.17,242,,,,,,,,,0
15.20,75,,,,,,,,,0
15.21,290,,,,,,,,,0
15.21.15,62,,,,,,,,,0
15.23,164,,,,,,,,,0
15.24,255,,,,,,,,,0
15.24.15,58,,,,,,,,,0
15.29,548,,,,,,,,,0
15.29.15,105,,,,,,,,,0
15.31,147,,,,,,,,,0
15.32,305,,,,,,,,,0
15.32.15,59,,,,,,,,,0
15.33,155,,,,,,,,,0
15.34,790,,,,,,,,,0
15.34.15,185,,,,,,,,,0
15.34.15.34,73,,,,,,,,,0
15.34.29,65,,,,,,,,,0
15.34.48,102,,,,,,,,,0
15.35,146,,,,,,,,,0
15.40,62,,,,,,,,,0
15.42,91,,,,,,,,,0
15.44,56,,,,,,,,,0
15.47,111,,,,,,,,,0
15.48,429,,,,,,,,,0
15.48.15,75,,,,,,,,,0
17,4461,,,,,,,,,0
17.15,357,,,,,,,,,0
17.15.17,75,,,,,,,,,0
17.20,73,,,,,,,,,0
17.21,177,,,,,,,,,0
17.23,334,,,,,,,,,0
17.23.17,107,,,,,,,,,0
17.24,631,,,,,,,,,0
17.24.17,248,,,,,,,,,0
17.29,188,,,,,,,,,0
17.31,84,,,,,,,,,0
17.32,113,,,,,,,,,0
17.33,61,,,,,,,,,0
17.34,62,,,,,,,,,0
17.48,72,,,,,,,,,0
18,874,,,,,,,,,0
19,256,,,,,,,,,0
20,2567,,,,,,,,,0
20.15,92,,,,,,,,,0
20.17,79,,,,,,,,,0
20.23,62,,,,,,,,,0
20.27,95,,,,,,,,,0
20.29,92,,,,,,,,,0
20.31,67,,,,,,,,,0
20.32,137,,,,,,,,,0
20.34,91,,,,,,,,,0
20.48,76,,,,,,,,,0
21,4728,,,,,,,,,0
21.15,443,,,,,,,,,0
21.15.21,70,,,,,,,,,0
21.17,167,,,,,,,,,0
21.20,61,,,,,,,,,0
21.23,413,,,,,,,,,0
21.23.21,100,,,,,,,,,0
21.24,118,,,,,,,,,0
21.29,1159,,,,,,,,,0
21.29.15,81,,,,,,,,,0
21.29.21,254,,,,,,,,,0
21.29.23,93,,,,,,,,,0
21.29.32,83,,,,,,,,,0
21.31,157,,,,,,,,,0
21.32,330,,,,,,,,,0
21.32.29,77,,,,,,,,,0
21.33,119,,,,,,,,,0
21.34,193,,,,,,,,,0
21.48,94,,,,,,,,,0
22,1026,,,,,,,,,0
22.21,59,,,,,,,,,0
22.29,75,,,,,,,,,0
22.30,87,,,,,,,,,0
23,3136,,,,,,,,,0
23.14,136,,,,,,,,,0
23.15,181,,,,,,,,,0
23.17,250,,,,,,,,,0
23.21,358,,,,,,,,,0
23.21.23,64,,,,,,,,,0
23.24,80,,,,,,,,,0
23.29,354,,,,,,,,,0
23.29.23,59,,,,,,,,,0
23.31,129,,,,,,,,,0
23.32,139,,,,,,,,,0
23.33,58,,,,,,,,,0
24,6281,,,,,,,,,0
24.15,370,,,,,,,,,0
24.15.24,69,,,,,,,,,0
24.17,1349,,,,,,,,,0
24.17.15,88,,,,,,,,,0
24.17.23,61,,,,,,,,,0
24.17.24,245,,,,,,,,,0
24.17.24.17,95,,,,,,,,,0
24.20,62,,,,,,,,,0
24.21,132,,,,,,,,,0
24.23,126,,,,,,,,,0
24.29,379,,,,,,,,,0
24.31,189,,,,,,,,,0
24.32,286,,,,,,,,,0
24.33,178,,,,,,,,,0
24.34,253,,,,,,,,,0
24.35,139,,,,,,,,,0
24.40,319,,,,,,,,,0
24.40.24,59,,,,,,,,,0
24.42,92,,,,,,,,,0
24.43,80,,,,,,,,,0
24.44,221,,,,,,,,,0
24.45,158,,,,,,,,,0
24.46,59,,,,,,,,,0
24.47,92,,,,,,,,,0
24.48,482,,,,,,,,,0
24.48.24,71,,,,,,,,,0
26,1814,,,,,,,,,0
26.18,104,,,,,,,,,0
26.21,65,,,,,,,,,0
26.28,65,,,,,,,,,0
26.29,147,,,,,,,,,0
26.31,65,,,,,,,,,0
26.32,202,,,,,,,,,0
26.33,63,,,,,,,,,0
26.34,99,,,,,,,,,0
26.35,84,,,,,,,,,0
26.48,93,,,,,,,,,0
27,700,,,,,,,,,0
27.20,145,,,,,,,,,0
27.32,61,,,,,,,,,0
27.48,85,,,,,,,,,0
28,1291,,,,,,,,,0
28.19,60,,,,,,,,,0
28.20,79,,,,,,,,,0
28.23,56,,,,,,,,,0
28.26,77,,,,,,,,,0
28.29,82,,,,,,,,,0
28.32,73,,,,,,,,,0
28.34,59,,,,,,,,,0
28.35,80,,,,,,,,,0
28.48,168,,,,,,,,,0
29,11877,,,,,,,,,0
29.15,839,,,,,,,,,0
29.15.29,139,,,,,,,,,0
29.17,239,,,,,,,,,0
29.20,124,,,,,,,,,0
29.21,1417,,,,,,,,,0
29.21.15,113,,,,,,,,,0
29.21.23,117,,,,,,,,,0
29.21.29,350,,,,,,,,,0
29.21.29.21,82,,,,,,,,,0
29.21.32,89,,,,,,,,,0
29.22,75,,,,,,,,,0
29.23,571,,,,,,,,,0
29.23.21,65,,,,,,,,,0
29.23.29,87,,,,,,,,,0
29.24,386,,,,,,,,,0
29.24.17,59,,,,,,,,,0
29.26,103,,,,,,,,,0
29.28,91,,,,,,,,,0
29.31,709,,,,,,,,,0
29.31.29,171,,,,,,,,,0
29.31.32,86,,,,,,,,,0
29.32,1551,,,,,,,,,0
29.32.15,76,,,,,,,,,0
29.32.21,88,,,,,,,,,0
29.32.29,381,,,,,,,,,0
29.32.29.32,70,,,,,,,,,0
29.32.31,101,,,,,,,,,0
29.32.33,93,,,,,,,,,0
29.32.34,69,,,,,,,,,0
29.33,1098,,,,,,,,,0
29.33.15,60,,,,,,,,,0
29.33.29,230,,,,,,,,,0
29.33.32,106,,,,,,,,,0
29.33.34,110,,,,,,,,,0
29.34,1072,,,,,,,,,0
29.34.15,89,,,,,,,,,0
29.34.29,178,,,,,,,,,0
29.34.32,90,,,,,,,,,0
29.34.33,91,,,,,,,,,0
29.34.48,124,,,,,,,,,0
29.35,263,,,,,,,,,0
29.40,87,,,,,,,,,0
29.44,63,,,,,,,,,0
29.45,65,,,,,,,,,0
29.47,172,,,,,,,,,0
29.48,676,,,,,,,,,0
29.48.29,84,,,,,,,,,0
29.48.34,91,,,,,,,,,0
30,955,,,,,,,,,0
30.22,175,,,,,,,,,0
30.29,76,,,,,,,,,0
30.32,70,,,,,,,,,0
30.48,71,,,,,,,,,0
31,4710,,,,,,,,,0
31.15,188,,,,,,,,,0
31.17,157,,,,,,,,,0
31.20,81,,,,,,,,,0
31.21,231,,,,,,,,,0
31.23,298,,,,,,,,,0
31.24,167,,,,,,,,,0
31.26,58,,,,,,,,,0
31.29,803,,,,,,,,,0
31.29.21,92,,,,,,,,,0
31.29.31,69,,,,,,,,,0
31.29.32,109,,,,,,,,,0
31.32,597,,,,,,,,,0
31.32.29,101,,,,,,,,,0
31.32.31,73,,,,,,,,,0
31.33,273,,,,,,,,,0
31.34,266,,,,,,,,,0
31.35,131,,,,,,,,,0
31.48,264,,,,,,,,,0
32,9049,,,,,,,,,0
32.15,449,,,,,,,,,0
32.15.32,76,,,,,,,,,0
32.17,213,,,,,,,,,0
32.20,183,,,,,,,,,0
32.21,482,,,,,,,,,0
32.21.29,113,,,,,,,,,0
32.22,74,,,,,,,,,0
32.23,299,,,,,,,,,0
32.24,310,,,,,,,,,0
32.26,269,,,,,,,,,0
32.26.32,76,,,,,,,,,0
32.27,62,,,,,,,,,0
32.28,97,,,,,,,,,0
32.29,1758,,,,,,,,,0
32.29.15,93,,,,,,,,,0
32.29.21,156,,,,,,,,,0
32.29.23,83,,,,,,,,,0
32.29.31,118,,,,,,,,,0
32.29.32,333,,,,,,,,,0
32.29.32.29,77,,,,,,,,,0
32.29.33,116,,,,,,,,,0
32.29.34,63,,,,,,,,,0
32.29.48,57,,,,,,,,,0
32.31,736,,,,,,,,,0
32.31.29,109,,,,,,,,,0
32.31.32,143,,,,,,,,,0
32.33,677,,,,,,,,,0
32.33.29,118,,,,,,,,,0
32.33.32,133,,,,,,,,,0
32.33.34,68,,,,,,,,,0
32.34,733,,,,,,,,,0
32.34.15,58,,,,,,,,,0
32.34.29,71,,,,,,,,,0
32.34.32,122,,,,,,,,,0
32.34.33,64,,,,,,,,,0
32.34.48,97,,,,,,,,,0
32.35,260,,,,,,,,,0
32.39,70,,,,,,,,,0
32.44,79,,,,,,,,,0
32.45,73,,,,,,,,,0
32.47,60,,,,,,,,,0
32.48,749,,,,,,,,,0
32.48.32,166,,,,,,,,,0
32.48.34,75,,,,,,,,,0
33,6139,,,,,,,,,0
33.15,242,,,,,,,,,0
33.17,120,,,,,,,,,0
33.20,79,,,,,,,,,0
33.21,221,,,,,,,,,0
33.21.29,58,,,,,,,,,0
33.23,124,,,,,,,,,0
33.24,251,,,,,,,,,0
33.26,73,,,,,,,,,0
33.29,1019,,,,,,,,,0
33.29.21,74,,,,,,,,,0
33.29.31,59,,,,,,,,,0
33.29.32,143,,,,,,,,,0
33.29.33,141,,,,,,,,,0
33.29.34,57,,,,,,,,,0
33.31,294,,,,,,,,,0
33.31.29,61,,,,,,,,,0
33.32,757,,,,,,,,,0
33.32.29,122,,,,,,,,,0
33.32.31,63,,,,,,,,,0
33.32.33,102,,,,,,,,,0
33.34,1188,,,,,,,,,0
33.34.15,87,,,,,,,,,0
33.34.29,131,,,,,,,,,0
33.34.32,87,,,,,,,,,0
33.34.33,159,,,,,,,,,0
33.34.33.34,63,,,,,,,,,0
33.34.48,185,,,,,,,,,0
33.35,234,,,,,,,,,0
33.44,70,,,,,,,,,0
33.45,87,,,,,,,,,0
33.48,465,,,,,,,,,0
33.48.34,75,,,,,,,,,0
34,16787,,,,,,,,,0
34.15,1244,,,,,,,,,0
34.15.29,87,,,,,,,,,0
34.15.34,469,,,,,,,,,0
34.15.34.15,128,,,,,,,,,0
34.15.34.15.34,58,,,,,,,,,0
34.15.34.48,61,,,,,,,,,0
34.15.48,103,,,,,,,,,0
34.17,140,,,,,,,,,0
34.20,206,,,,,,,,,0
34.21,301,,,,,,,,,0
34.21.29,71,,,,,,,,,0
34.22,72,,,,,,,,,0
34.23,113,,,,,,,,,0
34.24,410,,,,,,,,,0
34.24.34,62,,,,,,,,,0
34.26,158,,,,,,,,,0
34.27,59,,,,,,,,,0
34.28,117,,,,,,,,,0
34.29,1673,,,,,,,,,0
34.29.15,105,,,,,,,,,0
34.29.21,87,,,,,,,,,0
34.29.31,68,,,,,,,,,0
34.29.32,158,,,,,,,,,0
34.29.33,180,,,,,,,,,0
34.29.34,341,,,,,,,,,0
34.29.48,104,,,,,,,,,0
34.30,80,,,,,,,,,0
34.31,432,,,,,,,,,0
34.31.29,58,,,,,,,,,0
34.31.34,63,,,,,,,,,0
34.32,1241,,,,,,,,,0
34.32.29,168,,,,,,,,,0
34.32.31,77,,,,,,,,,0
34.32.33,87,,,,,,,,,0
34.32.34,214,,,,,,,,,0
34.32.48,98,,,,,,,,,0
34.33,1321,,,,,,,,,0
34.33.29,148,,,,,,,,,0
34.33.32,120,,,,,,,,,0
34.33.34,494,,,,,,,,,0
34.33.34.33,56,,,,,,,,,0
34.33.34.48,83,,,,,,,,,0
34.33.48,92,,,,,,,,,0
34.35,968,,,,,,,,,0
34.35.34,190,,,,,,,,,0
34.35.48,175,,,,,,,,,0
34.36,88,,,,,,,,,0
34.38,268,,,,,,,,,0
34.38.34,81,,,,,,,,,0
34.38.48,73,,,,,,,,,0
34.39,180,,,,,,,,,0
34.40,395,,,,,,,,,0
34.40.34,62,,,,,,,,,0
34.40.48,71,,,,,,,,,0
34.42,191,,,,,,,,,0
34.44,623,,,,,,,,,0
34.44.34,131,,,,,,,,,0
34.44.45,87,,,,,,,,,0
34.44.48,142,,,,,,,,,0
34.45,646,,,,,,,,,0
34.45.34,133,,,,,,,,,0
34.45.44,82,,,,,,,,,0
34.45.48,161,,,,,,,,,0
34.46,75,,,,,,,,,0
34.47,454,,,,,,,,,0
34.47.34,66,,,,,,,,,0
34.47.48,100,,,,,,,,,0
34.48,4259,,,,,,,,,0
34.48.15,94,,,,,,,,,0
34.48.29,149,,,,,,,,,0
34.48.32,159,,,,,,,,,0
34.48.33,94,,,,,,,,,0
34.48.34,1325,,,,,,,,,0
34.48.34.35,56,,,,,,,,,0
34.48.34.48,389,,,,,,,,,0
34.48.34.48.34,148,,,,,,,,,0
34.48.34.48.34.48,60,,,,,,,,,0
34.48.35,213,,,,,,,,,0
34.48.35.48,67,,,,,,,,,0
34.48.38,63,,,,,,,,,0
34.48.40,83,,,,,,,,,0
34.48.42,77,,,,,,,,,0
34.48.44,182,,,,,,,,,0
34.48.45,188,,,,,,,,,0
34.48.45.48,63,,,,,,,,,0
34.48.47,160,,,,,,,,,0
35,7391,,,,,,,,,0
35.12,172,,,,,,,,,0
35.15,168,,,,,,,,,0
35.17,67,,,,,,,,,0
35.18,65,,,,,,,,,0
35.20,96,,,,,,,,,0
35.21,62,,,,,,,,,0
35.24,167,,,,,,,,,0
35.26,218,,,,,,,,,0
35.28,98,,,,,,,,,0
35.29,338,,,,,,,,,0
35.30,108,,,,,,,,,0
35.31,121,,,,,,,,,0
35.32,249,,,,,,,,,0
35.33,228,,,,,,,,,0
35.34,746,,,,,,,,,0
35.34.35,105,,,,,,,,,0
35.34.48,154,,,,,,,,,0
35.40,184,,,,,,,,,0
35.42,122,,,,,,,,,0
35.44,177,,,,,,,,,0
35.45,160,,,,,,,,,0
35.47,309,,,,,,,,,0
35.48,1475,,,,,,,,,0
35.48.34,151,,,,,,,,,0
35.48.34.48,62,,,,,,,,,0
35.48.35,298,,,,,,,,,0
35.48.35.48,109,,,,,,,,,0
35.48.44,63,,,,,,,,,0
35.48.47,70,,,,,,,,,0
36,1537,,,,,,,,,0
36.34,88,,,,,,,,,0
36.40,60,,,,,,,,,0
36.44,58,,,,,,,,,0
36.45,56,,,,,,,,,0
36.47,95,,,,,,,,,0
36.48,678,,,,,,,,,0
36.48.36,108,,,,,,,,,0
36.48.36.48,71,,,,,,,,,0
37,437,,,,,,,,,0
37.48,206,,,,,,,,,0
38,2244,,,,,,,,,0
38.34,276,,,,,,,,,0
38.34.38,68,,,,,,,,,0
38.34.48,72,,,,,,,,,0
38.40,82,,,,,,,,,0
38.42,58,,,,,,,,,0
38.44,205,,,,,,,,,0
38.44.48,70,,,,,,,,,0
38.45,124,,,,,,,,,0
38.47,78,,,,,,,,,0
38.48,928,,,,,,,,,0
38.48.34,65,,,,,,,,,0
38.48.38,158,,,,,,,,,0
38.48.38.48,86,,,,,,,,,0
38.48.44,80,,,,,,,,,0
38.48.45,64,,,,,,,,,0
39,2682,,,,,,,,,0
39.24,58,,,,,,,,,0
39.29,61,,,,,,,,,0
39.32,75,,,,,,,,,0
39.34,206,,,,,,,,,0
39.35,101,,,,,,,,,0
39.38,56,,,,,,,,,0
39.40,158,,,,,,,,,0
39.42,170,,,,,,,,,0
39.44,299,,,,,,,,,0
39.44.48,72,,,,,,,,,0
39.45,141,,,,,,,,,0
39.47,63,,,,,,,,,0
39.48,834,,,,,,,,,0
39.48.34,57,,,,,,,,,0
39.48.39,98,,,,,,,,,0
39.48.44,91,,,,,,,,,0
40,6298,,,,,,,,,0
40.15,116,,,,,,,,,0
40.17,136,,,,,,,,,0
40.24,469,,,,,,,,,0
40.24.17,57,,,,,,,,,0
40.24.40,98,,,,,,,,,0
40.29,126,,,,,,,,,0
40.32,88,,,,,,,,,0
40.34,357,,,,,,,,,0
40.34.40,60,,,,,,,,,0
40.34.48,82,,,,,,,,,0
40.35,218,,,,,,,,,0
40.36,70,,,,,,,,,0
40.38,56,,,,,,,,,0
40.39,107,,,,,,,,,0
40.42,446,,,,,,,,,0
40.42.40,128,,,,,,,,,0
40.42.48,99,,,,,,,,,0
40.43,69,,,,,,,,,0
40.44,711,,,,,,,,,0
40.44.40,167,,,,,,,,,0
40.44.45,71,,,,,,,,,0
40.44.48,154,,,,,,,,,0
40.45,590,,,,,,,,,0
40.45.40,90,,,,,,,,,0
40.45.44,63,,,,,,,,,0
40.45.48,143,,,,,,,,,0
40.46,95,,,,,,,,,0
40.47,369,,,,,,,,,0
40.47.48,84,,,,,,,,,0
40.48,1579,,,,,,,,,0
40.48.34,88,,,,,,,,,0
40.48.35,61,,,,,,,,,0
40.48.40,389,,,,,,,,,0
40.48.40.48,117,,,,,,,,,0
40.48.40.48.40,56,,,,,,,,,0
40.48.42,123,,,,,,,,,0
40.48.44,131,,,,,,,,,0
40.48.45,103,,,,,,,,,0
40.48.47,90,,,,,,,,,0
41,492,,,,,,,,,0
41.48,141,,,,,,,,,0
42,4058,,,,,,,,,0
42.15,126,,,,,,,,,0
42.24,140,,,,,,,,,0
42.34,186,,,,,,,,,0
42.35,136,,,,,,,,,0
42.39,86,,,,,,,,,0
42.40,492,,,,,,,,,0
42.40.42,120,,,,,,,,,0
42.40.48,100,,,,,,,,,0
42.43,73,,,,,,,,,0
42.44,199,,,,,,,,,0
42.45,140,,,,,,,,,0
42.47,180,,,,,,,,,0
42.48,1613,,,,,,,,,0
42.48.34,63,,,,,,,,,0
42.48.40,86,,,,,,,,,0
42.48.42,494,,,,,,,,,0
42.48.42.48,216,,,,,,,,,0
42.48.42.48.42,77,,,,,,,,,0
42.48.44,91,,,,,,,,,0
42.48.45,57,,,,,,,,,0
42.48.47,82,,,,,,,,,0
43,1005,,,,,,,,,0
43.40,56,,,,,,,,,0
43.42,72,,,,,,,,,0
43.48,378,,,,,,,,,0
44,7001,,,,,,,,,0
44.15,83,,,,,,,,,0
44.24,418,,,,,,,,,0
44.24.44,84,,,,,,,,,0
44.29,105,,,,,,,,,0
44.32,103,,,,,,,,,0
44.33,68,,,,,,,,,0
44.34,562,,,,,,,,,0
44.34.44,61,,,,,,,,,0
44.34.48,158,,,,,,,,,0
44.35,223,,,,,,,,,0
44.35.48,60,,,,,,,,,0
44.36,66,,,,,,,,,0
44.38,139,,,,,,,,,0
44.38.48,58,,,,,,,,,0
44.39,220,,,,,,,,,0
44.39.48,59,,,,,,,,,0
44.40,708,,,,,,,,,0
44.40.44,138,,,,,,,,,0
44.40.45,80,,,,,,,,,0
44.40.48,124,,,,,,,,,0
44.42,201,,,,,,,,,0
44.42.48,61,,,,,,,,,0
44.43,68,,,,,,,,,0
44.45,1025,,,,,,,,,0
44.45.34,73,,,,,,,,,0
44.45.40,62,,,,,,,,,0
44.45.44,192,,,,,,,,,0
44.45.48,311,,,,,,,,,0
44.45.48.45,78,,,,,,,,,0
44.46,122,,,,,,,,,0
44.47,270,,,,,,,,,0
44.47.48,72,,,,,,,,,0
44.48,2163,,,,,,,,,0
44.48.34,138,,,,,,,,,0
44.48.35,73,,,,,,,,,0
44.48.40,138,,,,,,,,,0
44.48.42,84,,,,,,,,,0
44.48.44,367,,,,,,,,,0
44.48.44.48,147,,,,,,,,,0
44.48.45,257,,,,,,,,,0
44.48.45.48,105,,,,,,,,,0
44.48.47,106,,,,,,,,,0
45,6121,,,,,,,,,0
45.15,61,,,,,,,,,0
45.24,285,,,,,,,,,0
45.29,123,,,,,,,,,0
45.32,129,,,,,,,,,0
45.33,95,,,,,,,,,0
45.34,612,,,,,,,,,0
45.34.45,82,,,,,,,,,0
45.34.48,178,,,,,,,,,0
45.35,205,,,,,,,,,0
45.38,97,,,,,,,,,0
45.39,98,,,,,,,,,0
45.40,515,,,,,,,,,0
45.40.44,64,,,,,,,,,0
45.40.45,82,,,,,,,,,0
45.40.48,129,,,,,,,,,0
45.42,119,,,,,,,,,0
45.44,993,,,,,,,,,0
45.44.24,56,,,,,,,,,0
45.44.40,102,,,,,,,,,0
45.44.45,250,,,,,,,,,0
45.44.45.48,70,,,,,,,,,0
45.44.48,266,,,,,,,,,0
45.46,116,,,,,,,,,0
45.47,141,,,,,,,,,0
45.48,2078,,,,,,,,,0
45.48.34,153,,,,,,,,,0
45.48.35,92,,,,,,,,,0
45.48.40,98,,,,,,,,,0
45.48.42,69,,,,,,,,,0
45.48.44,230,,,,,,,,,0
45.48.44.48,105,,,,,,,,,0
45.48.45,423,,,,,,,,,0
45.48.45.44,60,,,,,,,,,0
45.48.45.48,158,,,,,,,,,0
45.48.47,108,,,,,,,,,0
46,1259,,,,,,,,,0
46.24,60,,,,,,,,,0
46.34,75,,,,,,,,,0
46.40,96,,,,,,,,,0
46.44,126,,,,,,,,,0
46.45,73,,,,,,,,,0
46.47,80,,,,,,,,,0
46.48,313,,,,,,,,,0
47,4033,,,,,,,,,0
47.15,113,,,,,,,,,0
47.24,107,,,,,,,,,0
47.29,158,,,,,,,,,0
47.32,65,,,,,,,,,0
47.34,277,,,,,,,,,0
47.34.47,71,,,,,,,,,0
47.34.48,60,,,,,,,,,0
47.35,170,,,,,,,,,0
47.40,216,,,,,,,,,0
47.40.47,57,,,,,,,,,0
47.42,123,,,,,,,,,0
47.44,179,,,,,,,,,0
47.45,90,,,,,,,,,0
47.46,61,,,,,,,,,0
47.48,1049,,,,,,,,,0
47.48.44,63,,,,,,,,,0
47.48.47,317,,,,,,,,,0
47.48.47.48,105,,,,,,,,,0
48,22642,,,,,,,,,0
48.13,63,,,,,,,,,0
48.15,484,,,,,,,,,0
48.15.48,124,,,,,,,,,0
48.17,163,,,,,,,,,0
48.20,153,,,,,,,,,0
48.21,99,,,,,,,,,0
48.22,76,,,,,,,,,0
48.23,66,,,,,,,,,0
48.24,665,,,,,,,,,0
48.24.17,64,,,,,,,,,0
48.24.48,154,,,,,,,,,0
48.26,137,,,,,,,,,0
48.27,104,,,,,,,,,0
48.28,258,,,,,,,,,0
48.28.48,76,,,,,,,,,0
48.29,914,,,,,,,,,0
48.29.32,73,,,,,,,,,0
48.29.33,64,,,,,,,,,0
48.29.34,78,,,,,,,,,0
48.29.48,166,,,,,,,,,0
48.30,66,,,,,,,,,0
48.31,386,,,,,,,,,0
48.31.48,83,,,,,,,,,0
48.32,950,,,,,,,,,0
48.32.29,81,,,,,,,,,0
48.32.31,72,,,,,,,,,0
48.32.34,67,,,,,,,,,0
48.32.48,205,,,,,,,,,0
48.33,462,,,,,,,,,0
48.33.34,83,,,,,,,,,0
48.33.48,80,,,,,,,,,0
48.34,3345,,,,,,,,,0
48.34.15,132,,,,,,,,,0
48.34.29,157,,,,,,,,,0
48.34.32,107,,,,,,,,,0
48.34.33,115,,,,,,,,,0
48.34.35,144,,,,,,,,,0
48.34.44,90,,,,,,,,,0
48.34.45,116,,,,,,,,,0
48.34.47,104,,,,,,,,,0
48.34.48,1132,,,,,,,,,0
48.34.48.34,317,,,,,,,,,0
48.34.48.34.48,120,,,,,,,,,0
48.34.48.35,62,,,,,,,,,0
48.35,1548,,,,,,,,,0
48.35.34,108,,,,,,,,,0
48.35.47,63,,,,,,,,,0
48.35.48,560,,,,,,,,,0
48.35.48.35,113,,,,,,,,,0
48.36,524,,,,,,,,,0
48.36.48,308,,,,,,,,,0
48.37,194,,,,,,,,,0
48.37.48,113,,,,,,,,,0
48.38,636,,,,,,,,,0
48.38.48,334,,,,,,,,,0
48.38.48.38,66,,,,,,,,,0
48.39,530,,,,,,,,,0
48.39.48,196,,,,,,,,,0
48.40,1447,,,,,,,,,0
48.40.42,79,,,,,,,,,0
48.40.44,145,,,,,,,,,0
48.40.45,103,,,,,,,,,0
48.40.47,68,,,,,,,,,0
48.40.48,484,,,,,,,,,0
48.40.48.40,138,,,,,,,,,0
48.41,111,,,,,,,,,0
48.42,1458,,,,,,,,,0
48.42.40,90,,,,,,,,,0
48.42.48,713,,,,,,,,,0
48.42.48.42,201,,,,,,,,,0
48.42.48.42.48,84,,,,,,,,,0
48.43,370,,,,,,,,,0
48.43.48,192,,,,,,,,,0
48.44,1950,,,,,,,,,0
48.44.24,59,,,,,,,,,0
48.44.34,81,,,,,,,,,0
48.44.40,125,,,,,,,,,0
48.44.45,218,,,,,,,,,0
48.44.45.48,69,,,,,,,,,0
48.44.47,73,,,,,,,,,0
48.44.48,758,,,,,,,,,0
48.44.48.44,129,,,,,,,,,0
48.44.48.45,84,,,,,,,,,0
48.45,1887,,,,,,,,,0
48.45.34,112,,,,,,,,,0
48.45.40,89,,,,,,,,,0
48.45.44,240,,,,,,,,,0
48.45.44.48,78,,,,,,,,,0
48.45.48,734,,,,,,,,,0
48.45.48.44,78,,,,,,,,,0
48.45.48.45,151,,,,,,,,,0
48.45.48.45.48,60,,,,,,,,,0
48.46,337,,,,,,,,,0
48.46.48,131,,,,,,,,,0
48.47,1417,,,,,,,,,0
48.47.44,59,,,,,,,,,0
48.47.48,449,,,,,,,,,0
48.47.48.47,128,,,,,,,,,0
